asin,name,price,rating,reviews,url,page,keyword,scraped_at
B0DMM1H92H,"GOBOULT Y1 Pro Ear Buds Wireless 60H Playtime, 4 Mics Calling, 45ms Low Latency Gaming, Made in India,13mm Bass Driver Earbuds Buds TWS Bluetooth Wireless Earphone",₹999.00,3.9,(2.1K),https://www.amazon.in/sspa/click?ie=UTF8&spc=MTozMjAxMDkxMTU0Njc0NjU6MTc4MDY3NjU2MzpzcF9hdGY6MzAwODYwOTg4NzQ2MDMyOjowOjo&url=%2FGOBOULT-Wireless-Playtime-Bluetooth-Earphone%2Fdp%2FB0DMM1H92H%2Fref%3Dsr_1_1_sspa%3Fdib%3DeyJ2IjoiMSJ9.c7n4eVoGPRlBeybR-_yqIVf2bJGDqBoN0H1HeEmhZLUkaztAXWjjP_9STZMwB1D6_lAnF_rQUVYQsgbdAhI54APspkRtNusAwh448qUw0S36KzEYuaHFQkAh6aW2ROvUoy9nG3p5uro37e3zPwBVfGOblTl_HdUZIS46iRgrFT3ktGJ20zpOz37rcT17TGkNkhHe2yc_FrjL8Isxuh7wSyTyuUL7_qMagB3JiPGDYJg.UbltKH7bdYudZCd1n88dcGDKHT9LXX-RlmPSyxY_DNo%26dib_tag%3Dse%26keywords%3Dwireless%2Bearphones%26qid%3D1780676563%26sr%3D8-1-spons%26aref%3DD10Oh46QPf%26sp_csd%3Dd2lkZ2V0TmFtZT1zcF9hdGY%26psc%3D1&aref=D10Oh46QPf&sp_cr=ZAZ,1,wireless earphones,2026-06-05 21:52:46
B0DN1RPL19,"GOBOULT Mustang Torq Wireless in Ear Earbuds with 60H Playtime, App Support, Quad Mic ENC, 45ms Low Latency, 13mm Driver, Breathing LEDs, Made in India Ear Buds Wireless (Silver)",₹1799.00,4.0,(13.6K),https://www.amazon.in/sspa/click?ie=UTF8&spc=MTozMjAxMDkxMTU0Njc0NjU6MTc4MDY3NjU2MzpzcF9hdGY6MzAwNDgzMzI3MDY4MDMyOjowOjo&url=%2FLaunched-Earbuds-Playtime-Breathing-Wireless%2Fdp%2FB0DN1RPL19%2Fref%3Dsr_1_2_sspa%3Fdib%3DeyJ2IjoiMSJ9.c7n4eVoGPRlBeybR-_yqIVf2bJGDqBoN0H1HeEmhZLUkaztAXWjjP_9STZMwB1D6_lAnF_rQUVYQsgbdAhI54APspkRtNusAwh448qUw0S36KzEYuaHFQkAh6aW2ROvUoy9nG3p5uro37e3zPwBVfGOblTl_HdUZIS46iRgrFT3ktGJ20zpOz37rcT17TGkNkhHe2yc_FrjL8Isxuh7wSyTyuUL7_qMagB3JiPGDYJg.UbltKH7bdYudZCd1n88dcGDKHT9LXX-RlmPSyxY_DNo%26dib_tag%3Dse%26keywords%3Dwireless%2Bearphones%26qid%3D1780676563%26sr%3D8-2-spons%26aref%3DI0c7MHAFWO%26sp_csd%3Dd2lkZ2V0TmFtZT1zcF9hdGY%26psc%3D1&aref=I0c7MHAFWO&sp_cr=ZAZ,1,wireless earphones,2026-06-05 21:52:46
B0FMDL81GS,"OnePlus Nord Buds 3r TWS Earbuds up to 54 Hours Playback, 2-mic Clear Calls, 3D Spatial Audio, AI Translation, 12.4mm Drivers, Dual-Device Connectivity, 47ms Low Latency - Ash Black",₹1799.00,4.3,(45.4K),https://www.amazon.in/OnePlus-Playback-Translation-Dual-Device-Connectivity/dp/B0FMDL81GS/ref=sr_1_3?dib=eyJ2IjoiMSJ9.c7n4eVoGPRlBeybR-_yqIVf2bJGDqBoN0H1HeEmhZLUkaztAXWjjP_9STZMwB1D6_lAnF_rQUVYQsgbdAhI54APspkRtNusAwh448qUw0S36KzEYuaHFQkAh6aW2ROvUoy9nG3p5uro37e3zPwBVfGOblTl_HdUZIS46iRgrFT3ktGJ20zpOz37rcT17TGkNkhHe2yc_FrjL8Isxuh7wSyTyuUL7_qMagB3JiPGDYJg.UbltKH7bdYudZCd1n88dcGDKHT9LXX-RlmPSyxY_DNo&dib_tag=se&keywords=wireless+earphones&qid=1780676563&sr=8-3,1,wireless earphones,2026-06-05 21:52:46
B0C3ZYFZ77,"Boat Airdopes Joy, 35Hrs Battery, Fast Charge, IWP Tech, Low Latency, 2Mic ENx, Type-C Port, v5.3 Bluetooth Earbuds, TWS Ear Buds Wireless Earphones with mic(Jet Black)",₹799.00,3.8,(9.7K),https://www.amazon.in/boAt-Airdopes-Alpha-Wireless-Earbuds/dp/B0C3ZYFZ77/ref=sr_1_4?dib=eyJ2IjoiMSJ9.c7n4eVoGPRlBeybR-_yqIVf2bJGDqBoN0H1HeEmhZLUkaztAXWjjP_9STZMwB1D6_lAnF_rQUVYQsgbdAhI54APspkRtNusAwh448qUw0S36KzEYuaHFQkAh6aW2ROvUoy9nG3p5uro37e3zPwBVfGOblTl_HdUZIS46iRgrFT3ktGJ20zpOz37rcT17TGkNkhHe2yc_FrjL8Isxuh7wSyTyuUL7_qMagB3JiPGDYJg.UbltKH7bdYudZCd1n88dcGDKHT9LXX-RlmPSyxY_DNo&dib_tag=se&keywords=wireless+earphones&qid=1780676563&sr=8-4,1,wireless earphones,2026-06-05 21:52:46
B0GXNT6HDR,VARNIADR Wireless Earbuds Bluetooth 5.3 TWS Earphones Full Touch Control Headphones Built-in Microphone Premium Sound Quality Ensure Fast Stable & Connection with Type C Charger,₹349.00,4.0,(24),https://www.amazon.in/Bluetooth-Earphones-Headphones-Microphone-Connection/dp/B0GXNT6HDR/ref=sr_1_5?dib=eyJ2IjoiMSJ9.c7n4eVoGPRlBeybR-_yqIVf2bJGDqBoN0H1HeEmhZLUkaztAXWjjP_9STZMwB1D6_lAnF_rQUVYQsgbdAhI54APspkRtNusAwh448qUw0S36KzEYuaHFQkAh6aW2ROvUoy9nG3p5uro37e3zPwBVfGOblTl_HdUZIS46iRgrFT3ktGJ20zpOz37rcT17TGkNkhHe2yc_FrjL8Isxuh7wSyTyuUL7_qMagB3JiPGDYJg.UbltKH7bdYudZCd1n88dcGDKHT9LXX-RlmPSyxY_DNo&dib_tag=se&keywords=wireless+earphones&qid=1780676563&sr=8-5,1,wireless earphones,2026-06-05 21:52:46
B0GN73QQFF,"Portronics Harmonics Z12 in Ear Bluetooth Neckband with Metallic Built & Hall Switch(ON/OFF),Upto 35 Hours Playtime, Gaming/Music Mode, Low Latency, Bluetooth Version 5.3V, Type C Fast Charging(Black)",₹799.00,4.3,(32),https://www.amazon.in/sspa/click?ie=UTF8&spc=MTo3MjQzMjQ3ODQzMTY5OTM5OjE3ODA2NzY1NjM6c3Bfc2VhcmNoX3RoZW1hdGljOjMwMDk5Nzg4Mjc0NjEzMjo6MDo6&url=%2FPortronics-Harmonics-Bluetooth-Neckband-Metallic%2Fdp%2FB0GN73QQFF%2Fref%3Dsxin_14_pa_sp_search_thematic_sspa%3Fcontent-id%3Damzn1.sym.7e2c8ac4-9f12-4bcd-9497-a8ae54bc8764%253Aamzn1.sym.7e2c8ac4-9f12-4bcd-9497-a8ae54bc8764%26cv_ct_cx%3Dwireless%2Bearphones%26keywords%3Dwireless%2Bearphones%26pd_rd_i%3DB0GN73QQFF%26pd_rd_r%3D70043123-9363-493a-9865-8e7c91afe22c%26pd_rd_w%3DbHg0w%26pd_rd_wg%3DeXsXF%26pf_rd_p%3D7e2c8ac4-9f12-4bcd-9497-a8ae54bc8764%26pf_rd_r%3DFN5P4ZKXE6B443AV4ZM7%26qid%3D1780676563%26sbo%3DRZvfv%252F%252FHxDF%252BO5021pAnSA%253D%253D%26sr%3D1-1-66673dcf-083f-43ba-b782-d4a436cc5cfb-spons%26aref%3D0rYVwKorX3%26sp_csd%3Dd2lkZ2V0TmFtZT1zcF9zZWFyY2hfdGhlbWF0aWM%26psc%3D1&aref=0rYVwKorX3&sp_cr=ZAZ,1,wireless earphones,2026-06-05 21:52:46
B0DN1RPL19,"GOBOULT Mustang Torq Wireless in Ear Earbuds with 60H Playtime, App Support, Quad Mic ENC, 45ms Low Latency, 13mm Driver, Breathing LEDs, Made in India Ear Buds Wireless (Silver)",₹1799.00,4.0,(13.6K),https://www.amazon.in/sspa/click?ie=UTF8&spc=MTo3MjQzMjQ3ODQzMTY5OTM5OjE3ODA2NzY1NjM6c3Bfc2VhcmNoX3RoZW1hdGljOjMwMDQ4MzMyNzA2ODAzMjo6MTo6&url=%2FLaunched-Earbuds-Playtime-Breathing-Wireless%2Fdp%2FB0DN1RPL19%2Fref%3Dsxin_14_pa_sp_search_thematic_sspa%3Fcontent-id%3Damzn1.sym.7e2c8ac4-9f12-4bcd-9497-a8ae54bc8764%253Aamzn1.sym.7e2c8ac4-9f12-4bcd-9497-a8ae54bc8764%26cv_ct_cx%3Dwireless%2Bearphones%26keywords%3Dwireless%2Bearphones%26pd_rd_i%3DB0DN1RPL19%26pd_rd_r%3D70043123-9363-493a-9865-8e7c91afe22c%26pd_rd_w%3DbHg0w%26pd_rd_wg%3DeXsXF%26pf_rd_p%3D7e2c8ac4-9f12-4bcd-9497-a8ae54bc8764%26pf_rd_r%3DFN5P4ZKXE6B443AV4ZM7%26qid%3D1780676563%26sbo%3DRZvfv%252F%252FHxDF%252BO5021pAnSA%253D%253D%26sr%3D1-2-66673dcf-083f-43ba-b782-d4a436cc5cfb-spons%26aref%3DI0c7MHAFWO%26sp_csd%3Dd2lkZ2V0TmFtZT1zcF9zZWFyY2hfdGhlbWF0aWM%26psc%3D1&aref=I0c7MHAFWO&sp_cr=ZAZ,1,wireless earphones,2026-06-05 21:52:46
B0GNXCGZSF,"Portronics Twins one in Ear Earbuds with Deep Bass, Upto 30 Hours Playtime,13mm Dynamic Driver, Game/Music Mode, Bluetooth V6.0, Voice Assistant, Type C Fast Charging Buds, Lightweight Design(White)",₹849.00,4.2,(7),https://www.amazon.in/sspa/click?ie=UTF8&spc=MTo3MjQzMjQ3ODQzMTY5OTM5OjE3ODA2NzY1NjM6c3Bfc2VhcmNoX3RoZW1hdGljOjMwMTExODkzMzkyNzAzMjo6Mjo6&url=%2FPortronics-Playtime-Bluetooth-Assistant-Lightweight%2Fdp%2FB0GNXCGZSF%2Fref%3Dsxin_14_pa_sp_search_thematic_sspa%3Fcontent-id%3Damzn1.sym.7e2c8ac4-9f12-4bcd-9497-a8ae54bc8764%253Aamzn1.sym.7e2c8ac4-9f12-4bcd-9497-a8ae54bc8764%26cv_ct_cx%3Dwireless%2Bearphones%26keywords%3Dwireless%2Bearphones%26pd_rd_i%3DB0GNXCGZSF%26pd_rd_r%3D70043123-9363-493a-9865-8e7c91afe22c%26pd_rd_w%3DbHg0w%26pd_rd_wg%3DeXsXF%26pf_rd_p%3D7e2c8ac4-9f12-4bcd-9497-a8ae54bc8764%26pf_rd_r%3DFN5P4ZKXE6B443AV4ZM7%26qid%3D1780676563%26sbo%3DRZvfv%252F%252FHxDF%252BO5021pAnSA%253D%253D%26sr%3D1-3-66673dcf-083f-43ba-b782-d4a436cc5cfb-spons%26aref%3DB3Q5m5Z9fU%26sp_csd%3Dd2lkZ2V0TmFtZT1zcF9zZWFyY2hfdGhlbWF0aWM%26psc%3D1&aref=B3Q5m5Z9fU&sp_cr=ZAZ,1,wireless earphones,2026-06-05 21:52:46
B0D78XSMSM,"pTron Bassbuds Astra in-Ear TWS Earbuds w/Stereo Sound, 34Hrs Playtime, Stereo Calls, Custom EQ, Mobile App, BTv5.3 Headphones, Touch Control, Voice Assistant, Type C Charging & IPX4 (Black)",₹597.00,4.0,(2.3K),https://www.amazon.in/sspa/click?ie=UTF8&spc=MTo3MjQzMjQ3ODQzMTY5OTM5OjE3ODA2NzY1NjM6c3Bfc2VhcmNoX3RoZW1hdGljOjMwMDY0MzAxMDUxMzAzMjo6Mzo6&url=%2FpTron-Bassbuds-Bluetooth-Headphones-Assistant%2Fdp%2FB0D78XSMSM%2Fref%3Dsxin_14_pa_sp_search_thematic_sspa%3Fcontent-id%3Damzn1.sym.7e2c8ac4-9f12-4bcd-9497-a8ae54bc8764%253Aamzn1.sym.7e2c8ac4-9f12-4bcd-9497-a8ae54bc8764%26cv_ct_cx%3Dwireless%2Bearphones%26keywords%3Dwireless%2Bearphones%26pd_rd_i%3DB0D78XSMSM%26pd_rd_r%3D70043123-9363-493a-9865-8e7c91afe22c%26pd_rd_w%3DbHg0w%26pd_rd_wg%3DeXsXF%26pf_rd_p%3D7e2c8ac4-9f12-4bcd-9497-a8ae54bc8764%26pf_rd_r%3DFN5P4ZKXE6B443AV4ZM7%26qid%3D1780676563%26sbo%3DRZvfv%252F%252FHxDF%252BO5021pAnSA%253D%253D%26sr%3D1-4-66673dcf-083f-43ba-b782-d4a436cc5cfb-spons%26aref%3DwJtyVQhBJ4%26sp_csd%3Dd2lkZ2V0TmFtZT1zcF9zZWFyY2hfdGhlbWF0aWM%26psc%3D1&aref=wJtyVQhBJ4&sp_cr=ZAZ,1,wireless earphones,2026-06-05 21:52:46
B0G2GGLTMF,Mivi DuoPods Sync in Ear Earbuds | 60H Playtime Bluetooth Earphones Wireless | Earbuds ENC for Clear Calls | 13mm Drivers Ear Buds Wireless | Gaming Mode | BT 5.3 TWS ENC Earbuds Style | Earpods,₹899.00,4.2,(779),https://www.amazon.in/sspa/click?ie=UTF8&spc=MTo3MjQzMjQ3ODQzMTY5OTM5OjE3ODA2NzY1NjM6c3Bfc2VhcmNoX3RoZW1hdGljOjMwMDg3NjY5NjcyMTczMjo6NDo6&url=%2FMivi-Playtime-Bluetooth-Earphones-Wireless%2Fdp%2FB0G2GGLTMF%2Fref%3Dsxin_14_pa_sp_search_thematic_sspa%3Fcontent-id%3Damzn1.sym.7e2c8ac4-9f12-4bcd-9497-a8ae54bc8764%253Aamzn1.sym.7e2c8ac4-9f12-4bcd-9497-a8ae54bc8764%26cv_ct_cx%3Dwireless%2Bearphones%26keywords%3Dwireless%2Bearphones%26pd_rd_i%3DB0G2GGLTMF%26pd_rd_r%3D70043123-9363-493a-9865-8e7c91afe22c%26pd_rd_w%3DbHg0w%26pd_rd_wg%3DeXsXF%26pf_rd_p%3D7e2c8ac4-9f12-4bcd-9497-a8ae54bc8764%26pf_rd_r%3DFN5P4ZKXE6B443AV4ZM7%26qid%3D1780676563%26sbo%3DRZvfv%252F%252FHxDF%252BO5021pAnSA%253D%253D%26sr%3D1-5-66673dcf-083f-43ba-b782-d4a436cc5cfb-spons%26aref%3DoewpQ7qVXo%26sp_csd%3Dd2lkZ2V0TmFtZT1zcF9zZWFyY2hfdGhlbWF0aWM%26psc%3D1&aref=oewpQ7qVXo&sp_cr=ZAZ,1,wireless earphones,2026-06-05 21:52:46
B0F7Y54PJX,"Boat Rockerz 113, 40H Battery, Dual Pair, Fast Charge, ENx Tech, Stream Ad Free Music via App Support, Magnetic Buds, Bluetooth Neckband, Wireless with Mic in Ear Earphones (Active Black)",₹799.00,4.0,(10.5K),https://www.amazon.in/boAt-Rockerz-Magnetic-Bluetooth-Earphones/dp/B0F7Y54PJX/ref=sr_1_6?dib=eyJ2IjoiMSJ9.c7n4eVoGPRlBeybR-_yqIVf2bJGDqBoN0H1HeEmhZLUkaztAXWjjP_9STZMwB1D6_lAnF_rQUVYQsgbdAhI54APspkRtNusAwh448qUw0S36KzEYuaHFQkAh6aW2ROvUoy9nG3p5uro37e3zPwBVfGOblTl_HdUZIS46iRgrFT3ktGJ20zpOz37rcT17TGkNkhHe2yc_FrjL8Isxuh7wSyTyuUL7_qMagB3JiPGDYJg.UbltKH7bdYudZCd1n88dcGDKHT9LXX-RlmPSyxY_DNo&dib_tag=se&keywords=wireless+earphones&qid=1780676563&sr=8-6,1,wireless earphones,2026-06-05 21:52:46
B0FHKHT717,"Philips TAT1269 Bluetooth Truly Wireless in Ear Earbuds with mic, 13mm Drivers, Bluetooth 5.4, 40H Playtime, IPX5, Fast Charging, Touch Controls, Voice Assistant, Mono Mode, LED Indicator (Deep Black)",₹999.00,3.9,(693),https://www.amazon.in/Philips-Bluetooth-Wireless-Assistant-Indicator/dp/B0FHKHT717/ref=sr_1_7?dib=eyJ2IjoiMSJ9.c7n4eVoGPRlBeybR-_yqIVf2bJGDqBoN0H1HeEmhZLUkaztAXWjjP_9STZMwB1D6_lAnF_rQUVYQsgbdAhI54APspkRtNusAwh448qUw0S36KzEYuaHFQkAh6aW2ROvUoy9nG3p5uro37e3zPwBVfGOblTl_HdUZIS46iRgrFT3ktGJ20zpOz37rcT17TGkNkhHe2yc_FrjL8Isxuh7wSyTyuUL7_qMagB3JiPGDYJg.UbltKH7bdYudZCd1n88dcGDKHT9LXX-RlmPSyxY_DNo&dib_tag=se&keywords=wireless+earphones&qid=1780676563&sr=8-7,1,wireless earphones,2026-06-05 21:52:46
B0GY8PF9S6,"CMEE BURDS Earbuds Wireless Bluetooth 5.3 TWS Earphones with Full Touch Control, Built-in Microphone, Premium Sound Quality, Fast Stable Connection, Type C Charger",₹349.00,N/A,N/A,https://www.amazon.in/Wireless-Bluetooth-Earphones-Microphone-Connection/dp/B0GY8PF9S6/ref=sr_1_8?dib=eyJ2IjoiMSJ9.c7n4eVoGPRlBeybR-_yqIVf2bJGDqBoN0H1HeEmhZLUkaztAXWjjP_9STZMwB1D6_lAnF_rQUVYQsgbdAhI54APspkRtNusAwh448qUw0S36KzEYuaHFQkAh6aW2ROvUoy9nG3p5uro37e3zPwBVfGOblTl_HdUZIS46iRgrFT3ktGJ20zpOz37rcT17TGkNkhHe2yc_FrjL8Isxuh7wSyTyuUL7_qMagB3JiPGDYJg.UbltKH7bdYudZCd1n88dcGDKHT9LXX-RlmPSyxY_DNo&dib_tag=se&keywords=wireless+earphones&qid=1780676563&sr=8-8,1,wireless earphones,2026-06-05 21:52:46
B0DFQ1R3W4,"OnePlus Nord Buds 3 Truly Wireless Bluetooth Earbuds with up to 32dB Active Noise Cancellation, 10mins for 11Hours Fast Charging with Up to 43h Music Playback -Harmonic Gray",₹2299.00,4.3,(21.1K),https://www.amazon.in/OnePlus-Wireless-Bluetooth-Cancellation-Harmonic/dp/B0DFQ1R3W4/ref=sr_1_9?dib=eyJ2IjoiMSJ9.c7n4eVoGPRlBeybR-_yqIVf2bJGDqBoN0H1HeEmhZLUkaztAXWjjP_9STZMwB1D6_lAnF_rQUVYQsgbdAhI54APspkRtNusAwh448qUw0S36KzEYuaHFQkAh6aW2ROvUoy9nG3p5uro37e3zPwBVfGOblTl_HdUZIS46iRgrFT3ktGJ20zpOz37rcT17TGkNkhHe2yc_FrjL8Isxuh7wSyTyuUL7_qMagB3JiPGDYJg.UbltKH7bdYudZCd1n88dcGDKHT9LXX-RlmPSyxY_DNo&dib_tag=se&keywords=wireless+earphones&qid=1780676563&sr=8-9,1,wireless earphones,2026-06-05 21:52:46
B0CKRGNBTP,"Boat Rockerz 255 Pro+, 60H Battery, Fast Charge, IPX7, Dual Pair,Low Latency,Magnetic Buds, Stream Ad Free Music via App Support, in Ear Bluetooth Neckband, Wireless with Mic Earphones (Moon White)",₹999.00,4.0,(1.4L),https://www.amazon.in/boAt-255-Pro-Bluetooth-Earphones/dp/B0CKRGNBTP/ref=sr_1_10?dib=eyJ2IjoiMSJ9.c7n4eVoGPRlBeybR-_yqIVf2bJGDqBoN0H1HeEmhZLUkaztAXWjjP_9STZMwB1D6_lAnF_rQUVYQsgbdAhI54APspkRtNusAwh448qUw0S36KzEYuaHFQkAh6aW2ROvUoy9nG3p5uro37e3zPwBVfGOblTl_HdUZIS46iRgrFT3ktGJ20zpOz37rcT17TGkNkhHe2yc_FrjL8Isxuh7wSyTyuUL7_qMagB3JiPGDYJg.UbltKH7bdYudZCd1n88dcGDKHT9LXX-RlmPSyxY_DNo&dib_tag=se&keywords=wireless+earphones&qid=1780676563&sr=8-10,1,wireless earphones,2026-06-05 21:52:46
B0FN7L9JQ1,"Noise Buds N2 Pro Truly Wireless Earbuds with ANC (Up to 32dB), 70H Playtime, Dual Pairing, InstaCharge (10 Min = 200 Min), Bluetooth v6.0, Metallic Finish – Lunar Silver",₹1799.00,3.8,(8.6K),https://www.amazon.in/sspa/click?ie=UTF8&spc=MTozMjAxMDkxMTU0Njc0NjU6MTc4MDY3NjU2MzpzcF9tdGY6MzAwODg4MjQxMzI3NzMyOjowOjo&url=%2FNoise-Launched-Wireless-Metallic-Instacharge%2Fdp%2FB0FN7L9JQ1%2Fref%3Dsr_1_11_sspa%3Fdib%3DeyJ2IjoiMSJ9.c7n4eVoGPRlBeybR-_yqIVf2bJGDqBoN0H1HeEmhZLUkaztAXWjjP_9STZMwB1D6_lAnF_rQUVYQsgbdAhI54APspkRtNusAwh448qUw0S36KzEYuaHFQkAh6aW2ROvUoy9nG3p5uro37e3zPwBVfGOblTl_HdUZIS46iRgrFT3ktGJ20zpOz37rcT17TGkNkhHe2yc_FrjL8Isxuh7wSyTyuUL7_qMagB3JiPGDYJg.UbltKH7bdYudZCd1n88dcGDKHT9LXX-RlmPSyxY_DNo%26dib_tag%3Dse%26keywords%3Dwireless%2Bearphones%26qid%3D1780676563%26sr%3D8-11-spons%26aref%3DlL4d6PlO73%26sp_csd%3Dd2lkZ2V0TmFtZT1zcF9tdGY%26psc%3D1&aref=lL4d6PlO73&sp_cr=ZAZ,1,wireless earphones,2026-06-05 21:52:46
B0GNXCGZSF,"Portronics Twins one in Ear Earbuds with Deep Bass, Upto 30 Hours Playtime,13mm Dynamic Driver, Game/Music Mode, Bluetooth V6.0, Voice Assistant, Type C Fast Charging Buds, Lightweight Design(White)",₹849.00,4.2,(7),https://www.amazon.in/sspa/click?ie=UTF8&spc=MTozMjAxMDkxMTU0Njc0NjU6MTc4MDY3NjU2MzpzcF9tdGY6MzAxMTE4OTMzOTI3MDMyOjowOjo&url=%2FPortronics-Playtime-Bluetooth-Assistant-Lightweight%2Fdp%2FB0GNXCGZSF%2Fref%3Dsr_1_12_sspa%3Fdib%3DeyJ2IjoiMSJ9.c7n4eVoGPRlBeybR-_yqIVf2bJGDqBoN0H1HeEmhZLUkaztAXWjjP_9STZMwB1D6_lAnF_rQUVYQsgbdAhI54APspkRtNusAwh448qUw0S36KzEYuaHFQkAh6aW2ROvUoy9nG3p5uro37e3zPwBVfGOblTl_HdUZIS46iRgrFT3ktGJ20zpOz37rcT17TGkNkhHe2yc_FrjL8Isxuh7wSyTyuUL7_qMagB3JiPGDYJg.UbltKH7bdYudZCd1n88dcGDKHT9LXX-RlmPSyxY_DNo%26dib_tag%3Dse%26keywords%3Dwireless%2Bearphones%26qid%3D1780676563%26sr%3D8-12-spons%26aref%3DB3Q5m5Z9fU%26sp_csd%3Dd2lkZ2V0TmFtZT1zcF9tdGY%26psc%3D1&aref=B3Q5m5Z9fU&sp_cr=ZAZ,1,wireless earphones,2026-06-05 21:52:46
B0CDGGT5RJ,"OnePlus Bullets Wireless Z2 ANC Bluetooth in Ear Earphones with Mic, 45dB Hybrid ANC, Bombastic Bass - 12.4 mm Drivers, 10 Mins Charge - 20 Hrs Music, 28 Hrs Battery (Grand Green)",₹2099.00,4.2,(2.3L),https://www.amazon.in/OnePlus-ANC-Bluetooth-Earphones-Bombastic/dp/B0CDGGT5RJ/ref=sr_1_13?dib=eyJ2IjoiMSJ9.c7n4eVoGPRlBeybR-_yqIVf2bJGDqBoN0H1HeEmhZLUkaztAXWjjP_9STZMwB1D6_lAnF_rQUVYQsgbdAhI54APspkRtNusAwh448qUw0S36KzEYuaHFQkAh6aW2ROvUoy9nG3p5uro37e3zPwBVfGOblTl_HdUZIS46iRgrFT3ktGJ20zpOz37rcT17TGkNkhHe2yc_FrjL8Isxuh7wSyTyuUL7_qMagB3JiPGDYJg.UbltKH7bdYudZCd1n88dcGDKHT9LXX-RlmPSyxY_DNo&dib_tag=se&keywords=wireless+earphones&qid=1780676563&sr=8-13,1,wireless earphones,2026-06-05 21:52:46
B0GK1MTWC1,-73%,₹1199.00,4.3,4.3,https://sponsored-ads.amazon.in/clk/?_encoding=UTF8&p=eAFVj8-K01AUxqmDOtZ_Qxcj1F2FLio3ubdJk6YSJElrbcukY5pq7Sbc3HvTXEyTNLlMBhd9gVkKbn0DV76BTyCu9RV8BcGOgh9n8cH3O-fw1cnx919X32417ltd5E-95dJVZ-PXrRrqnEYs5ZcBXFjqyghnft_3K-9pf3Dacxfz4fkqETE3gCdVyhRWS8u721U1SdUkBCW4vrGww2Nr5L8ceZNF41H9NmXlO5HljXtL1xs587E7WY-Gzata_cl1EpQMFyQOclaQLMGCBTxNeMqCUESNO3iL32epxNPm4zIEJMFlyQk4rIADCHLUusnSYOJ2emUIRMy2jAKSJQkjgmcpuOiC61-A4IKWIMc8FawAJEsFS0VLq9fgyZefXz_9-DxsPvjLHq63HioQQtVAugH1nqJo3aOJ6w2OnHOnM288G9qWk7-YAN3a27uDNtbefpWssAqs_7W3N3_GOpjmibMZXY6nF8TiTra1VbP7sVb_UIuFyMuBLFdVJf2rL29yGVcylW04nqEz_42Dnuc0KGiQJzEtTNGOSxyQIuDUhO0dpybS-1DTtZ6mtMvCRAABI6Iq04gGYKR0gYpQCAwcEkAjauiUQoIpbXMT52UbFywy3xopXW9Xu-3Zb35GsWM&v=c1&r=https%3A%2F%2Fwww.amazon.in%2Fgp%2Faw%2Fd%2FB0GK1MTWC1%3Fpd_rd_plhdr%3Dt%26hsa_cr_id%3D0%26qid%3D1780676563%26sr%3D1-1-9fd4e6c6-0f32-411b-9abc-dfd97dd0cadd%26i%3Daps%26aref%3DY9ndZmXqmM&ref_=sbx__sbtcd2_asin_0_bkgd&pd_rd_w=8Zj5c&content-id=amzn1.sym.1183c3aa-8812-4b69-b5a0-47d783e4595d%3Aamzn1.sym.1183c3aa-8812-4b69-b5a0-47d783e4595d&pf_rd_p=1183c3aa-8812-4b69-b5a0-47d783e4595d&pf_rd_r=FN5P4ZKXE6B443AV4ZM7&pd_rd_wg=eXsXF&pd_rd_r=70043123-9363-493a-9865-8e7c91afe22c,1,wireless earphones,2026-06-05 21:52:46
B0GK22XD58,-73%,₹1199.00,4.3,4.3,https://sponsored-ads.amazon.in/clk/?_encoding=UTF8&p=eAFVj8-K01AUxqnD6Fj_DV2MUHcVuqjc5OZPk6ZDkCSttS2mY9pK7Sbc3HvTXEyTNPcyGVz0BWYpuPUNXPkGPoG41lfwFQQ7Cn6cxQff75zDV8cn339df7vdeOCoymISLJe-Ph29adWUzllMM3YVwrmjr6xouugtFlXwrNc_6_rz2eBilYqEWSCQKm0Cq6UT3FN1Q9INSYESXN-au9GJM1y8HAbjeeNx_Q6h_J3Ii8b9pR8MvdnIH6-Hg-Z1rf70Jgk5RSVOwoKWOE-RoCHLUpbRMBJx4y7aovd5JrGs-YRHAKeIc4bBYQUcQFAorWOahWO_0-UREAndUgJwnqYUC5Zn4FIFN78ARiXhoEAsE7QEOM8EzUTLqNfg6ZefXz_9-DxoPvzLHq63HmkQQt1STAuaXU0z1KOxH_SPvAuvM2ucD1zHK16Mgens3d1BG2fvvk5XSAfO_9q7mz_jHEzz1NsMr0aTS-wwL9-6uq1-rNU_1BIhCt6X5aqqpH_15U0ho0omsgtHU1VdDbq95wUJSxIWaUJKW7QTjkJchozYsL1jxFbMHjRMo2tobV7aClCBFROdGtgAMNZUoCtKBCwUYUBiYpmEQIwIaTMbFbyNShrbb62MrLer3fbVb2mzsTQ&v=c1&r=https%3A%2F%2Fwww.amazon.in%2Fgp%2Faw%2Fd%2FB0GK22XD58%3Fpd_rd_plhdr%3Dt%26hsa_cr_id%3D0%26qid%3D1780676563%26sr%3D1-2-9fd4e6c6-0f32-411b-9abc-dfd97dd0cadd%26i%3Daps%26aref%3DY9ndZmXqmM&ref_=sbx__sbtcd2_asin_1_bkgd&pd_rd_w=8Zj5c&content-id=amzn1.sym.1183c3aa-8812-4b69-b5a0-47d783e4595d%3Aamzn1.sym.1183c3aa-8812-4b69-b5a0-47d783e4595d&pf_rd_p=1183c3aa-8812-4b69-b5a0-47d783e4595d&pf_rd_r=FN5P4ZKXE6B443AV4ZM7&pd_rd_wg=eXsXF&pd_rd_r=70043123-9363-493a-9865-8e7c91afe22c,1,wireless earphones,2026-06-05 21:52:46
B0FDKSMKPP,-76%,₹1099.00,4.3,4.3,https://sponsored-ads.amazon.in/clk/?_encoding=UTF8&p=eAFVj8-K01AUxqmDOtZ_Qxcj1F2FLio3ufnTpKkESdJObctkatpK7Sbc3HvTXExv0uQyGVz0BWYpuPUNXPkGPoG41lfwFQQ7Cn6cxQff75zDV8fH339df7vTeOioymISLJe-Ph29adWUzmlMObsK4dzRV1Y0XfQWiyp43uufdv35xWC2SkXCLBBIlTaB1dIJ7qu6IemGpEAJrm_N3ejYGS5eDYPxvPGkfpfQ8p3I8saDpR8MvYuRP14PB83rWv3ZTRKWFBU4CXNa4CxFgoaMp4zTMBJx4x7aovcZlxhvPi0jgFNUlgyDwwo4gCBXWrcpD8d-p1tGQCR0SwnAWZpSLFjGwaUKbn4BjApSghwxLmgBcMYF5aJl1Gvw5MvPr59-fB40H_1lD9dbjzUIoW4ppgXNrqYZ6tHYD_pH3szrXDReDFzHy8_GwHT27u6gjbN3X6crpAPnf-3dzZ9xDqZ54m2GV6PJJXaYl21d3VY_1uofaokQedmX5aqqpH_15U0uo0omsgvPBtP5-XQ2e5mTsCBhniaksEU7KVGIi5ARG7Z3jNiK2YOGaXQNrV0WtgI0YMVEpwY2AIw1FeiKEgELRRiQmFgmIRAjQtrMRnnZRgWN7bcWJ-vtarc9_w2Ts7GW&v=c1&r=https%3A%2F%2Fwww.amazon.in%2Fgp%2Faw%2Fd%2FB0FDKSMKPP%3Fpd_rd_plhdr%3Dt%26hsa_cr_id%3D0%26qid%3D1780676563%26sr%3D1-3-9fd4e6c6-0f32-411b-9abc-dfd97dd0cadd%26i%3Daps%26aref%3DY9ndZmXqmM&ref_=sbx__sbtcd2_asin_2_bkgd&pd_rd_w=8Zj5c&content-id=amzn1.sym.1183c3aa-8812-4b69-b5a0-47d783e4595d%3Aamzn1.sym.1183c3aa-8812-4b69-b5a0-47d783e4595d&pf_rd_p=1183c3aa-8812-4b69-b5a0-47d783e4595d&pf_rd_r=FN5P4ZKXE6B443AV4ZM7&pd_rd_wg=eXsXF&pd_rd_r=70043123-9363-493a-9865-8e7c91afe22c,1,wireless earphones,2026-06-05 21:52:46
B0FDGSYR17,Samsung Galaxy Buds Core (White) Galaxy AI Enabled in-Ear TWS with ANC | Enriched Bass | 6 Mic Setup | IP54 | 35hrs Battery | Touch Controls,₹4399.00,4.0,(2.4K),https://www.amazon.in/Samsung-Enabled-Enriched-Battery-Controls/dp/B0FDGSYR17/ref=sr_1_14?dib=eyJ2IjoiMSJ9.c7n4eVoGPRlBeybR-_yqIVf2bJGDqBoN0H1HeEmhZLUkaztAXWjjP_9STZMwB1D6_lAnF_rQUVYQsgbdAhI54APspkRtNusAwh448qUw0S36KzEYuaHFQkAh6aW2ROvUoy9nG3p5uro37e3zPwBVfGOblTl_HdUZIS46iRgrFT3ktGJ20zpOz37rcT17TGkNkhHe2yc_FrjL8Isxuh7wSyTyuUL7_qMagB3JiPGDYJg.UbltKH7bdYudZCd1n88dcGDKHT9LXX-RlmPSyxY_DNo&dib_tag=se&keywords=wireless+earphones&qid=1780676563&sr=8-14,1,wireless earphones,2026-06-05 21:52:46
B0FZ9SWB7S,"Noise Newly Launch Buds Play Truly Wireless Earbuds with 40H of Playtime, Quad Mic with ENC, Low Latency for Gaming (Up to 50 Ms), 13mm Driver, BT V6.0(Powder Blue)",₹1099.00,4.0,(342),https://www.amazon.in/Noise-Wireless-Earbuds-Playtime-Latency/dp/B0FZ9SWB7S/ref=sr_1_15?dib=eyJ2IjoiMSJ9.c7n4eVoGPRlBeybR-_yqIVf2bJGDqBoN0H1HeEmhZLUkaztAXWjjP_9STZMwB1D6_lAnF_rQUVYQsgbdAhI54APspkRtNusAwh448qUw0S36KzEYuaHFQkAh6aW2ROvUoy9nG3p5uro37e3zPwBVfGOblTl_HdUZIS46iRgrFT3ktGJ20zpOz37rcT17TGkNkhHe2yc_FrjL8Isxuh7wSyTyuUL7_qMagB3JiPGDYJg.UbltKH7bdYudZCd1n88dcGDKHT9LXX-RlmPSyxY_DNo&dib_tag=se&keywords=wireless+earphones&qid=1780676563&sr=8-15,1,wireless earphones,2026-06-05 21:52:46
B0G6M5B9KC,"Earbuds for One-Plus Nord CE 2 Lite Earbuds Original Like True Wireless Bluetooth in-Ear Headphones Earphones TWS with Mic, Touch Controls, Deep Bass, Sports (38 Hours Case, OPBR1)",₹699.00,2.0,(2),https://www.amazon.in/Nord-CE-Lite-Bluetooth-Headphones/dp/B0G6M5B9KC/ref=sr_1_16?dib=eyJ2IjoiMSJ9.c7n4eVoGPRlBeybR-_yqIVf2bJGDqBoN0H1HeEmhZLUkaztAXWjjP_9STZMwB1D6_lAnF_rQUVYQsgbdAhI54APspkRtNusAwh448qUw0S36KzEYuaHFQkAh6aW2ROvUoy9nG3p5uro37e3zPwBVfGOblTl_HdUZIS46iRgrFT3ktGJ20zpOz37rcT17TGkNkhHe2yc_FrjL8Isxuh7wSyTyuUL7_qMagB3JiPGDYJg.UbltKH7bdYudZCd1n88dcGDKHT9LXX-RlmPSyxY_DNo&dib_tag=se&keywords=wireless+earphones&qid=1780676563&sr=8-16,1,wireless earphones,2026-06-05 21:52:46
B0DPWJYQK1,"Boat Airdopes 111v2, Premium Leather Finish, 4Mics ENx, 50HRS Battery, 13mm Drivers, Fast Charge, Dual Pair, v5.4 Bluetooth TWS in Ear Earbuds Wireless Earphones with mic (Classic Black)",₹1299.00,3.9,(10.8K),https://www.amazon.in/boAt-Airdopes-Bluetooth-Wireless-Earphones/dp/B0DPWJYQK1/ref=sr_1_17?dib=eyJ2IjoiMSJ9.c7n4eVoGPRlBeybR-_yqIVf2bJGDqBoN0H1HeEmhZLUkaztAXWjjP_9STZMwB1D6_lAnF_rQUVYQsgbdAhI54APspkRtNusAwh448qUw0S36KzEYuaHFQkAh6aW2ROvUoy9nG3p5uro37e3zPwBVfGOblTl_HdUZIS46iRgrFT3ktGJ20zpOz37rcT17TGkNkhHe2yc_FrjL8Isxuh7wSyTyuUL7_qMagB3JiPGDYJg.UbltKH7bdYudZCd1n88dcGDKHT9LXX-RlmPSyxY_DNo&dib_tag=se&keywords=wireless+earphones&qid=1780676563&sr=8-17,1,wireless earphones,2026-06-05 21:52:46
B0DK8X4JV1,"CRAYOTALK K1 Stylish,Single Ear Bluetooth Truly Wireless in Ear Earbuds with Mic Universal to Support Handsfree Calling for Smartphones & Tablets (1 Years Warranty)",₹149.00,3.2,(24),https://www.amazon.in/CRAYOTALK-Bluetooth-Universal-Handsfree-Smartphones/dp/B0DK8X4JV1/ref=sr_1_18?dib=eyJ2IjoiMSJ9.c7n4eVoGPRlBeybR-_yqIVf2bJGDqBoN0H1HeEmhZLUkaztAXWjjP_9STZMwB1D6_lAnF_rQUVYQsgbdAhI54APspkRtNusAwh448qUw0S36KzEYuaHFQkAh6aW2ROvUoy9nG3p5uro37e3zPwBVfGOblTl_HdUZIS46iRgrFT3ktGJ20zpOz37rcT17TGkNkhHe2yc_FrjL8Isxuh7wSyTyuUL7_qMagB3JiPGDYJg.UbltKH7bdYudZCd1n88dcGDKHT9LXX-RlmPSyxY_DNo&dib_tag=se&keywords=wireless+earphones&qid=1780676563&sr=8-18,1,wireless earphones,2026-06-05 21:52:46
B0F4QXQKTK,"inear Juke Buds Pro2 TWS Bluetooth Earbuds | Upto 60Hrs Playtime | Dual Pairing, Fast Type-C Charging, Touch Controls | Deep Bass | Voice Assistant Support | IPX4 Sweat Resistant, True Wireless | Blue",₹999.00,4.1,(14),https://www.amazon.in/InEar-Juke-Buds-Bluetooth-Assistant/dp/B0F4QXQKTK/ref=sr_1_19?dib=eyJ2IjoiMSJ9.c7n4eVoGPRlBeybR-_yqIVf2bJGDqBoN0H1HeEmhZLUkaztAXWjjP_9STZMwB1D6_lAnF_rQUVYQsgbdAhI54APspkRtNusAwh448qUw0S36KzEYuaHFQkAh6aW2ROvUoy9nG3p5uro37e3zPwBVfGOblTl_HdUZIS46iRgrFT3ktGJ20zpOz37rcT17TGkNkhHe2yc_FrjL8Isxuh7wSyTyuUL7_qMagB3JiPGDYJg.UbltKH7bdYudZCd1n88dcGDKHT9LXX-RlmPSyxY_DNo&dib_tag=se&keywords=wireless+earphones&qid=1780676563&sr=8-19,1,wireless earphones,2026-06-05 21:52:46
B0G66HNH7Z,"Earbuds for One-Plus Z Earbuds Original Like True Wireless Bluetooth in-Ear Headphones Earphones TWS with Mic, Touch Controls, Deep Bass, Sports (38 Hours Case, OPBR1)",₹699.00,N/A,N/A,https://www.amazon.in/One-Plus-Original-Bluetooth-Headphones-Earphones/dp/B0G66HNH7Z/ref=sr_1_20?dib=eyJ2IjoiMSJ9.c7n4eVoGPRlBeybR-_yqIVf2bJGDqBoN0H1HeEmhZLUkaztAXWjjP_9STZMwB1D6_lAnF_rQUVYQsgbdAhI54APspkRtNusAwh448qUw0S36KzEYuaHFQkAh6aW2ROvUoy9nG3p5uro37e3zPwBVfGOblTl_HdUZIS46iRgrFT3ktGJ20zpOz37rcT17TGkNkhHe2yc_FrjL8Isxuh7wSyTyuUL7_qMagB3JiPGDYJg.UbltKH7bdYudZCd1n88dcGDKHT9LXX-RlmPSyxY_DNo&dib_tag=se&keywords=wireless+earphones&qid=1780676563&sr=8-20,1,wireless earphones,2026-06-05 21:52:46
B0GN73QQFF,"Portronics Harmonics Z12 in Ear Bluetooth Neckband with Metallic Built & Hall Switch(ON/OFF),Upto 35 Hours Playtime, Gaming/Music Mode, Low Latency, Bluetooth Version 5.3V, Type C Fast Charging(Black)",₹799.00,4.3,(32),https://www.amazon.in/sspa/click?ie=UTF8&spc=MTozMjAxMDkxMTU0Njc0NjU6MTc4MDY3NjU2MzpzcF9idGY6MzAwOTk3ODgyNzQ2MTMyOjowOjo&url=%2FPortronics-Harmonics-Bluetooth-Neckband-Metallic%2Fdp%2FB0GN73QQFF%2Fref%3Dsr_1_21_sspa%3Fdib%3DeyJ2IjoiMSJ9.c7n4eVoGPRlBeybR-_yqIVf2bJGDqBoN0H1HeEmhZLUkaztAXWjjP_9STZMwB1D6_lAnF_rQUVYQsgbdAhI54APspkRtNusAwh448qUw0S36KzEYuaHFQkAh6aW2ROvUoy9nG3p5uro37e3zPwBVfGOblTl_HdUZIS46iRgrFT3ktGJ20zpOz37rcT17TGkNkhHe2yc_FrjL8Isxuh7wSyTyuUL7_qMagB3JiPGDYJg.UbltKH7bdYudZCd1n88dcGDKHT9LXX-RlmPSyxY_DNo%26dib_tag%3Dse%26keywords%3Dwireless%2Bearphones%26qid%3D1780676563%26sr%3D8-21-spons%26aref%3D0rYVwKorX3%26sp_csd%3Dd2lkZ2V0TmFtZT1zcF9idGY%26psc%3D1&aref=0rYVwKorX3&sp_cr=ZAZ,1,wireless earphones,2026-06-05 21:52:46
B0GQJ5B4F6,"Portronics Harmonics Y5 Bluetooth Wireless In Ear Earphone with strong Clip, Upto 24 Hour Playback,Dual Pairing, HD Clarity Mic, Transparent Design,Magnetic Buds, Bluetooth V6.0,Type C Charging(Black)",₹799.00,3.6,(8),https://www.amazon.in/sspa/click?ie=UTF8&spc=MTozMjAxMDkxMTU0Njc0NjU6MTc4MDY3NjU2MzpzcF9idGY6MzAwOTk3ODgyNzQ1NzMyOjowOjo&url=%2FPortronics-Harmonics-Bluetooth-Wireless-Transparent%2Fdp%2FB0GQJ5B4F6%2Fref%3Dsr_1_22_sspa%3Fdib%3DeyJ2IjoiMSJ9.c7n4eVoGPRlBeybR-_yqIVf2bJGDqBoN0H1HeEmhZLUkaztAXWjjP_9STZMwB1D6_lAnF_rQUVYQsgbdAhI54APspkRtNusAwh448qUw0S36KzEYuaHFQkAh6aW2ROvUoy9nG3p5uro37e3zPwBVfGOblTl_HdUZIS46iRgrFT3ktGJ20zpOz37rcT17TGkNkhHe2yc_FrjL8Isxuh7wSyTyuUL7_qMagB3JiPGDYJg.UbltKH7bdYudZCd1n88dcGDKHT9LXX-RlmPSyxY_DNo%26dib_tag%3Dse%26keywords%3Dwireless%2Bearphones%26qid%3D1780676563%26sr%3D8-22-spons%26aref%3DHgrswOyMqW%26sp_csd%3Dd2lkZ2V0TmFtZT1zcF9idGY%26psc%3D1&aref=HgrswOyMqW&sp_cr=ZAZ,1,wireless earphones,2026-06-05 21:52:46
B0GN73QQFF,"Portronics Harmonics Z12 in Ear Bluetooth Neckband with Metallic Built & Hall Switch(ON/OFF),Upto 35 Hours Playtime, Gaming/Music Mode, Low Latency, Bluetooth Version 5.3V, Type C Fast Charging(Black)",₹799.00,4.3,(32),https://www.amazon.in/sspa/click?ie=UTF8&spc=MToxMDk2ODE1OTQ0MjQyNzA2OjE3ODA2NzY1NjM6c3Bfc2VhcmNoX3RoZW1hdGljX2J0ZjozMDA5OTc4ODI3NDYxMzI6OjA6Og&url=%2FPortronics-Harmonics-Bluetooth-Neckband-Metallic%2Fdp%2FB0GN73QQFF%2Fref%3Dsxbs_pa_sp_search_thematic_btf_sspa%3Fcontent-id%3Damzn1.sym.6748dafd-1857-4dd2-9058-aab807cb526e%253Aamzn1.sym.6748dafd-1857-4dd2-9058-aab807cb526e%26cv_ct_cx%3Dwireless%2Bearphones%26keywords%3Dwireless%2Bearphones%26pd_rd_i%3DB0GN73QQFF%26pd_rd_r%3Dfa463ee5-1641-43d2-a598-c72fcb7dbd06%26pd_rd_w%3Dsjw18%26pd_rd_wg%3D0TpMm%26pf_rd_p%3D6748dafd-1857-4dd2-9058-aab807cb526e%26pf_rd_r%3DFN5P4ZKXE6B443AV4ZM7%26qid%3D1780676563%26sbo%3DRZvfv%252F%252FHxDF%252BO5021pAnSA%253D%253D%26sr%3D1-1-2907eac4-8056-42c7-8014-fdf7bd4c5395-spons%26aref%3D0rYVwKorX3%26sp_csd%3Dd2lkZ2V0TmFtZT1zcF9zZWFyY2hfdGhlbWF0aWNfYnRm%26psc%3D1&aref=0rYVwKorX3&sp_cr=ZAZ,1,wireless earphones,2026-06-05 21:52:46
B0GK1MTWC1,"truke New Launch Mega 12 True Wireless in Ear Earbuds W/ 24-Bit Spatial Audio, Premium Leather Textured Design, 70H Playtime Fast Charge Buds, 13mm Drivers TWS, Low Latency, ENC (Indigo Blue)",₹1199.00,4.3,(165),https://www.amazon.in/sspa/click?ie=UTF8&spc=MToxMDk2ODE1OTQ0MjQyNzA2OjE3ODA2NzY1NjM6c3Bfc2VhcmNoX3RoZW1hdGljX2J0ZjozMDA5OTUzNzI0MTEyMzI6OjE6Og&url=%2Ftruke-Wireless-Earbuds-Textured-Playtime%2Fdp%2FB0GK1MTWC1%2Fref%3Dsxbs_pa_sp_search_thematic_btf_sspa%3Fcontent-id%3Damzn1.sym.6748dafd-1857-4dd2-9058-aab807cb526e%253Aamzn1.sym.6748dafd-1857-4dd2-9058-aab807cb526e%26cv_ct_cx%3Dwireless%2Bearphones%26keywords%3Dwireless%2Bearphones%26pd_rd_i%3DB0GK1MTWC1%26pd_rd_r%3Dfa463ee5-1641-43d2-a598-c72fcb7dbd06%26pd_rd_w%3Dsjw18%26pd_rd_wg%3D0TpMm%26pf_rd_p%3D6748dafd-1857-4dd2-9058-aab807cb526e%26pf_rd_r%3DFN5P4ZKXE6B443AV4ZM7%26qid%3D1780676563%26sbo%3DRZvfv%252F%252FHxDF%252BO5021pAnSA%253D%253D%26sr%3D1-2-2907eac4-8056-42c7-8014-fdf7bd4c5395-spons%26aref%3DBV8cOpY5pV%26sp_csd%3Dd2lkZ2V0TmFtZT1zcF9zZWFyY2hfdGhlbWF0aWNfYnRm%26psc%3D1&aref=BV8cOpY5pV&sp_cr=ZAZ,1,wireless earphones,2026-06-05 21:52:46
B0G2GKPK48,Mivi DuoPods Vibe | Dual Connectivity Ear Buds Wireless | Clear HD Calls | 5.3 Bluetooth Earphone Wireless | 13mm Drivers | 60 Hours Playtime | Made in India TWS Earbuds,₹899.00,4.1,(227),https://www.amazon.in/sspa/click?ie=UTF8&spc=MToxMDk2ODE1OTQ0MjQyNzA2OjE3ODA2NzY1NjM6c3Bfc2VhcmNoX3RoZW1hdGljX2J0ZjozMDA4ODY1Nzc3MjEwMzI6OjI6Og&url=%2FMivi-Connectivity-Wireless-Bluetooth-Earphone%2Fdp%2FB0G2GKPK48%2Fref%3Dsxbs_pa_sp_search_thematic_btf_sspa%3Fcontent-id%3Damzn1.sym.6748dafd-1857-4dd2-9058-aab807cb526e%253Aamzn1.sym.6748dafd-1857-4dd2-9058-aab807cb526e%26cv_ct_cx%3Dwireless%2Bearphones%26keywords%3Dwireless%2Bearphones%26pd_rd_i%3DB0G2GKPK48%26pd_rd_r%3Dfa463ee5-1641-43d2-a598-c72fcb7dbd06%26pd_rd_w%3Dsjw18%26pd_rd_wg%3D0TpMm%26pf_rd_p%3D6748dafd-1857-4dd2-9058-aab807cb526e%26pf_rd_r%3DFN5P4ZKXE6B443AV4ZM7%26qid%3D1780676563%26sbo%3DRZvfv%252F%252FHxDF%252BO5021pAnSA%253D%253D%26sr%3D1-3-2907eac4-8056-42c7-8014-fdf7bd4c5395-spons%26aref%3DDhmLSfx5I3%26sp_csd%3Dd2lkZ2V0TmFtZT1zcF9zZWFyY2hfdGhlbWF0aWNfYnRm%26psc%3D1&aref=DhmLSfx5I3&sp_cr=ZAZ,1,wireless earphones,2026-06-05 21:52:46
B0FKBWTWZ8,"truke New Launch Mega 7 True Wireless in-Ear Earbuds w/ 24-Bit 360 Spatial Audio, 60H Playtime & Fast Charging Buds, Dual Pairing, 40ms Low Latency TWS, 4-Mic ENC, Made in India-(Coffee Brown)",₹899.00,4.1,(423),https://www.amazon.in/sspa/click?ie=UTF8&spc=MToxMDk2ODE1OTQ0MjQyNzA2OjE3ODA2NzY1NjM6c3Bfc2VhcmNoX3RoZW1hdGljX2J0ZjozMDA3Nzc1NjMxMDM0MzI6OjM6Og&url=%2Ftruke-Wireless-Earbuds-Playtime-Charging%2Fdp%2FB0FKBWTWZ8%2Fref%3Dsxbs_pa_sp_search_thematic_btf_sspa%3Fcontent-id%3Damzn1.sym.6748dafd-1857-4dd2-9058-aab807cb526e%253Aamzn1.sym.6748dafd-1857-4dd2-9058-aab807cb526e%26cv_ct_cx%3Dwireless%2Bearphones%26keywords%3Dwireless%2Bearphones%26pd_rd_i%3DB0FKBWTWZ8%26pd_rd_r%3Dfa463ee5-1641-43d2-a598-c72fcb7dbd06%26pd_rd_w%3Dsjw18%26pd_rd_wg%3D0TpMm%26pf_rd_p%3D6748dafd-1857-4dd2-9058-aab807cb526e%26pf_rd_r%3DFN5P4ZKXE6B443AV4ZM7%26qid%3D1780676563%26sbo%3DRZvfv%252F%252FHxDF%252BO5021pAnSA%253D%253D%26sr%3D1-4-2907eac4-8056-42c7-8014-fdf7bd4c5395-spons%26aref%3DZNCmiV0qvS%26sp_csd%3Dd2lkZ2V0TmFtZT1zcF9zZWFyY2hfdGhlbWF0aWNfYnRm%26psc%3D1&aref=ZNCmiV0qvS&sp_cr=ZAZ,1,wireless earphones,2026-06-05 21:52:46
B0GCSCPZZ1,"Kratos TW02 Ear Buds Wireless with 30H Playtime, Noise Isolation & Clear Calls, Bluetooth Earbuds with Voice Assistant, Ear Buds with Bluetooth V 5.3 & with Type C Fast Charging, IPX5 TWS Earphones",₹498.00,4.2,(683),https://www.amazon.in/sspa/click?ie=UTF8&spc=MToxMDk2ODE1OTQ0MjQyNzA2OjE3ODA2NzY1NjM6c3Bfc2VhcmNoX3RoZW1hdGljX2J0ZjozMDA5NzAwMDU4NTQxMzI6OjQ6Og&url=%2FKratos-Isolation-Bluetooth-Assistant-Earphones%2Fdp%2FB0GCSCPZZ1%2Fref%3Dsxbs_pa_sp_search_thematic_btf_sspa%3Fcontent-id%3Damzn1.sym.6748dafd-1857-4dd2-9058-aab807cb526e%253Aamzn1.sym.6748dafd-1857-4dd2-9058-aab807cb526e%26cv_ct_cx%3Dwireless%2Bearphones%26keywords%3Dwireless%2Bearphones%26pd_rd_i%3DB0GCSCPZZ1%26pd_rd_r%3Dfa463ee5-1641-43d2-a598-c72fcb7dbd06%26pd_rd_w%3Dsjw18%26pd_rd_wg%3D0TpMm%26pf_rd_p%3D6748dafd-1857-4dd2-9058-aab807cb526e%26pf_rd_r%3DFN5P4ZKXE6B443AV4ZM7%26qid%3D1780676563%26sbo%3DRZvfv%252F%252FHxDF%252BO5021pAnSA%253D%253D%26sr%3D1-5-2907eac4-8056-42c7-8014-fdf7bd4c5395-spons%26aref%3DsH5K2muDYC%26sp_csd%3Dd2lkZ2V0TmFtZT1zcF9zZWFyY2hfdGhlbWF0aWNfYnRm%26psc%3D1&aref=sH5K2muDYC&sp_cr=ZAZ,1,wireless earphones,2026-06-05 21:52:46
B0GN73QQFF,"Portronics Harmonics Z12 in Ear Bluetooth Neckband with Metallic Built & Hall Switch(ON/OFF),Upto 35 Hours Playtime, Gaming/Music Mode, Low Latency, Bluetooth Version 5.3V, Type C Fast Charging(Black)",₹799.00,4.3,(32),https://www.amazon.in/sspa/click?ie=UTF8&spc=MToyMjk0MjAwNDAwNjEwODc4OjE3ODA2NzY1Njk6c3BfYXRmX25leHQ6MzAwOTk3ODgyNzQ2MTMyOjowOjo&url=%2FPortronics-Harmonics-Bluetooth-Neckband-Metallic%2Fdp%2FB0GN73QQFF%2Fref%3Dsr_1_17_sspa%3Fdib%3DeyJ2IjoiMSJ9.8wq7STvurSAdr2AVG6IrQIPM-ug9i9xc6N-XBSAPTFQz0KmaHlLVqHmq3vwYJBBQVisjkEL00V7vcEYjpHXzz2XGMNdspLaB6DWFYGuJPjK1I7iXKl5i_yWAkWa8yQM9fy5AJkD26PEbYtmxyF33zbo_ITucqefJUXR_UaXdPM4k9iGpxmHPzCRWETnrE0mPVOBdpkMzTjd0vxW3-uXaKy9_m2Zg1kgIOv4ucJaMp2c.Kg9bB61zQ_qJ9L0ncH7pT4n9TSEZUcERP3p-tsSWTvY%26dib_tag%3Dse%26keywords%3Dwireless%2Bearphones%26qid%3D1780676569%26aref%3D0rYVwKorX3%26sp_csd%3Dd2lkZ2V0TmFtZT1zcF9hdGZfbmV4dA%26psc%3D1&aref=0rYVwKorX3&sp_cr=ZAZ,2,wireless earphones,2026-06-05 21:52:52
B0FN7L9JQ1,"Noise Buds N2 Pro Truly Wireless Earbuds with ANC (Up to 32dB), 70H Playtime, Dual Pairing, InstaCharge (10 Min = 200 Min), Bluetooth v6.0, Metallic Finish – Lunar Silver",₹1799.00,3.8,(8.6K),https://www.amazon.in/sspa/click?ie=UTF8&spc=MToyMjk0MjAwNDAwNjEwODc4OjE3ODA2NzY1Njk6c3BfYXRmX25leHQ6MzAwODg4MjQxMzI3NzMyOjowOjo&url=%2FNoise-Launched-Wireless-Metallic-Instacharge%2Fdp%2FB0FN7L9JQ1%2Fref%3Dsr_1_18_sspa%3Fdib%3DeyJ2IjoiMSJ9.8wq7STvurSAdr2AVG6IrQIPM-ug9i9xc6N-XBSAPTFQz0KmaHlLVqHmq3vwYJBBQVisjkEL00V7vcEYjpHXzz2XGMNdspLaB6DWFYGuJPjK1I7iXKl5i_yWAkWa8yQM9fy5AJkD26PEbYtmxyF33zbo_ITucqefJUXR_UaXdPM4k9iGpxmHPzCRWETnrE0mPVOBdpkMzTjd0vxW3-uXaKy9_m2Zg1kgIOv4ucJaMp2c.Kg9bB61zQ_qJ9L0ncH7pT4n9TSEZUcERP3p-tsSWTvY%26dib_tag%3Dse%26keywords%3Dwireless%2Bearphones%26qid%3D1780676569%26aref%3DlL4d6PlO73%26sp_csd%3Dd2lkZ2V0TmFtZT1zcF9hdGZfbmV4dA%26psc%3D1&aref=lL4d6PlO73&sp_cr=ZAZ,2,wireless earphones,2026-06-05 21:52:52
B0DK3W2XK3,"JBL New Launch Tune Beam 2 TWS, ANC Earbuds, 48Hr Playtime,Dual Connect, Ambient Aware, Relax Mode, Customized EQ with Headphones App, 6 Mics for Clear Calls, Spatial Sound, Personi-Fi 3.0 (Black)",₹4699.00,4.0,(5.9K),https://www.amazon.in/JBL-Playtime-Customized-Headphones-Personi-Fi/dp/B0DK3W2XK3/ref=sr_1_19?dib=eyJ2IjoiMSJ9.8wq7STvurSAdr2AVG6IrQIPM-ug9i9xc6N-XBSAPTFQz0KmaHlLVqHmq3vwYJBBQVisjkEL00V7vcEYjpHXzz2XGMNdspLaB6DWFYGuJPjK1I7iXKl5i_yWAkWa8yQM9fy5AJkD26PEbYtmxyF33zbo_ITucqefJUXR_UaXdPM4k9iGpxmHPzCRWETnrE0mPVOBdpkMzTjd0vxW3-uXaKy9_m2Zg1kgIOv4ucJaMp2c.Kg9bB61zQ_qJ9L0ncH7pT4n9TSEZUcERP3p-tsSWTvY&dib_tag=se&keywords=wireless+earphones&qid=1780676569,2,wireless earphones,2026-06-05 21:52:52
B0GZSJ3XKW,CME Buds 2A Global Version in-Ear Wireless Earphone 12.4mm Driver 42dB ANC 4HD Mics Up to 35.5H Playback IP54 BT 5.4,₹399.00,N/A,N/A,https://www.amazon.in/UGMA-PRODUCTS-Wireless-Earphone-Playback/dp/B0GZSJ3XKW/ref=sr_1_20?dib=eyJ2IjoiMSJ9.8wq7STvurSAdr2AVG6IrQIPM-ug9i9xc6N-XBSAPTFQz0KmaHlLVqHmq3vwYJBBQVisjkEL00V7vcEYjpHXzz2XGMNdspLaB6DWFYGuJPjK1I7iXKl5i_yWAkWa8yQM9fy5AJkD26PEbYtmxyF33zbo_ITucqefJUXR_UaXdPM4k9iGpxmHPzCRWETnrE0mPVOBdpkMzTjd0vxW3-uXaKy9_m2Zg1kgIOv4ucJaMp2c.Kg9bB61zQ_qJ9L0ncH7pT4n9TSEZUcERP3p-tsSWTvY&dib_tag=se&keywords=wireless+earphones&qid=1780676569,2,wireless earphones,2026-06-05 21:52:52
B0G598SB98,"Earbuds for realme 14 Pro Plus Earbuds Original Like True Wireless Bluetooth in-Ear Headphones Earphones TWS with Mic, Touch Controls, Deep Bass, Sports (48 Hours Case, RMB1)",₹699.00,3.4,(5),https://www.amazon.in/realme-14-Pro-Plus-Headphones/dp/B0G598SB98/ref=sr_1_21?dib=eyJ2IjoiMSJ9.8wq7STvurSAdr2AVG6IrQIPM-ug9i9xc6N-XBSAPTFQz0KmaHlLVqHmq3vwYJBBQVisjkEL00V7vcEYjpHXzz2XGMNdspLaB6DWFYGuJPjK1I7iXKl5i_yWAkWa8yQM9fy5AJkD26PEbYtmxyF33zbo_ITucqefJUXR_UaXdPM4k9iGpxmHPzCRWETnrE0mPVOBdpkMzTjd0vxW3-uXaKy9_m2Zg1kgIOv4ucJaMp2c.Kg9bB61zQ_qJ9L0ncH7pT4n9TSEZUcERP3p-tsSWTvY&dib_tag=se&keywords=wireless+earphones&qid=1780676569,2,wireless earphones,2026-06-05 21:52:52
B0GF866ZT4,"GOBOULT Tenet TWS Earbuds with 75H Playtime, Amp App Support, Quad Mic ENC, Dual Device Pairing Buds, 13mm Driver Ear Buds, Bluetooth 5.4 Wireless Earbuds (Midnight Blue)",₹1499.00,4.0,(978),https://www.amazon.in/sspa/click?ie=UTF8&spc=MTozNTgzMDc2Nzg1NjIyMTA1OjE3ODA2NzY1Njk6c3Bfc2VhcmNoX3RoZW1hdGljOjMwMDkxNjAwMzcxNzYzMjo6MDo6&url=%2FGOBOULT-Earbuds-Playtime-Bluetooth-Wireless%2Fdp%2FB0GF866ZT4%2Fref%3Dsxin_13_pa_sp_search_thematic_sspa%3Fcontent-id%3Damzn1.sym.c007a59b-1788-4f64-b1ed-4d72476022eb%253Aamzn1.sym.c007a59b-1788-4f64-b1ed-4d72476022eb%26cv_ct_cx%3Dwireless%2Bearphones%26keywords%3Dwireless%2Bearphones%26pd_rd_i%3DB0GF866ZT4%26pd_rd_r%3D3f3151dc-37e6-44eb-9751-3d6eb5854156%26pd_rd_w%3D8GcEj%26pd_rd_wg%3Dx6eXK%26pf_rd_p%3Dc007a59b-1788-4f64-b1ed-4d72476022eb%26pf_rd_r%3DQR604F9CXF8DZHDGY455%26qid%3D1780676569%26sbo%3DRZvfv%252F%252FHxDF%252BO5021pAnSA%253D%253D%26sr%3D1-17-2ec22325-1003-449d-8aaf-c0bcc24717ae-spons%26aref%3Dip6ja8EVZ0%26sp_csd%3Dd2lkZ2V0TmFtZT1zcF9zZWFyY2hfdGhlbWF0aWM%26psc%3D1&aref=ip6ja8EVZ0&sp_cr=ZAZ,2,wireless earphones,2026-06-05 21:52:52
B0GM14V1X6,"GOBOULT Mustang Sprint in Ear Earbuds with 60H Playtime, Amp App Support, 32dB Active Noise Cancellation, Quad Mic ENC, Dual Device Pairing, 10mm Drivers, BTv 6.0 TWS (Neon Green)",₹1799.00,4.1,(517),https://www.amazon.in/sspa/click?ie=UTF8&spc=MTozNTgzMDc2Nzg1NjIyMTA1OjE3ODA2NzY1Njk6c3Bfc2VhcmNoX3RoZW1hdGljOjMwMTA5MDIwNjY3MDEzMjo6MTo6&url=%2FGOBOULT-Mustang-Earbuds-Playtime-Cancellation%2Fdp%2FB0GM14V1X6%2Fref%3Dsxin_13_pa_sp_search_thematic_sspa%3Fcontent-id%3Damzn1.sym.c007a59b-1788-4f64-b1ed-4d72476022eb%253Aamzn1.sym.c007a59b-1788-4f64-b1ed-4d72476022eb%26cv_ct_cx%3Dwireless%2Bearphones%26keywords%3Dwireless%2Bearphones%26pd_rd_i%3DB0GM14V1X6%26pd_rd_r%3D3f3151dc-37e6-44eb-9751-3d6eb5854156%26pd_rd_w%3D8GcEj%26pd_rd_wg%3Dx6eXK%26pf_rd_p%3Dc007a59b-1788-4f64-b1ed-4d72476022eb%26pf_rd_r%3DQR604F9CXF8DZHDGY455%26qid%3D1780676569%26sbo%3DRZvfv%252F%252FHxDF%252BO5021pAnSA%253D%253D%26sr%3D1-18-2ec22325-1003-449d-8aaf-c0bcc24717ae-spons%26aref%3DjgJoDpy0ns%26sp_csd%3Dd2lkZ2V0TmFtZT1zcF9zZWFyY2hfdGhlbWF0aWM%26psc%3D1&aref=jgJoDpy0ns&sp_cr=ZAZ,2,wireless earphones,2026-06-05 21:52:52
B0G43D2S3L,"GOBOULT Raven in Ear TWS Earbuds with 70H Playtime, App Support, Quad Mic ENC, 50ms Ultra Low Latency, Dual Device Pairing, 10mm Driver, BTv 5.4 Wireless Earbuds (Champagne)",₹1299.00,4.0,(4.6K),https://www.amazon.in/sspa/click?ie=UTF8&spc=MTozNTgzMDc2Nzg1NjIyMTA1OjE3ODA2NzY1Njk6c3Bfc2VhcmNoX3RoZW1hdGljOjMwMDg4NzE4MDUyMDIzMjo6Mjo6&url=%2FGOBOULT-Earbuds-Playtime-Wireless-Champagne%2Fdp%2FB0G43D2S3L%2Fref%3Dsxin_13_pa_sp_search_thematic_sspa%3Fcontent-id%3Damzn1.sym.c007a59b-1788-4f64-b1ed-4d72476022eb%253Aamzn1.sym.c007a59b-1788-4f64-b1ed-4d72476022eb%26cv_ct_cx%3Dwireless%2Bearphones%26keywords%3Dwireless%2Bearphones%26pd_rd_i%3DB0G43D2S3L%26pd_rd_r%3D3f3151dc-37e6-44eb-9751-3d6eb5854156%26pd_rd_w%3D8GcEj%26pd_rd_wg%3Dx6eXK%26pf_rd_p%3Dc007a59b-1788-4f64-b1ed-4d72476022eb%26pf_rd_r%3DQR604F9CXF8DZHDGY455%26qid%3D1780676569%26sbo%3DRZvfv%252F%252FHxDF%252BO5021pAnSA%253D%253D%26sr%3D1-19-2ec22325-1003-449d-8aaf-c0bcc24717ae-spons%26aref%3DjByzJeaL5V%26sp_csd%3Dd2lkZ2V0TmFtZT1zcF9zZWFyY2hfdGhlbWF0aWM%26psc%3D1&aref=jByzJeaL5V&sp_cr=ZAZ,2,wireless earphones,2026-06-05 21:52:52
B0G2GGLTMF,Mivi DuoPods Sync in Ear Earbuds | 60H Playtime Bluetooth Earphones Wireless | Earbuds ENC for Clear Calls | 13mm Drivers Ear Buds Wireless | Gaming Mode | BT 5.3 TWS ENC Earbuds Style | Earpods,₹899.00,4.2,(779),https://www.amazon.in/sspa/click?ie=UTF8&spc=MTozNTgzMDc2Nzg1NjIyMTA1OjE3ODA2NzY1Njk6c3Bfc2VhcmNoX3RoZW1hdGljOjMwMDg3NjY5NjcyMTczMjo6Mzo6&url=%2FMivi-Playtime-Bluetooth-Earphones-Wireless%2Fdp%2FB0G2GGLTMF%2Fref%3Dsxin_13_pa_sp_search_thematic_sspa%3Fcontent-id%3Damzn1.sym.c007a59b-1788-4f64-b1ed-4d72476022eb%253Aamzn1.sym.c007a59b-1788-4f64-b1ed-4d72476022eb%26cv_ct_cx%3Dwireless%2Bearphones%26keywords%3Dwireless%2Bearphones%26pd_rd_i%3DB0G2GGLTMF%26pd_rd_r%3D3f3151dc-37e6-44eb-9751-3d6eb5854156%26pd_rd_w%3D8GcEj%26pd_rd_wg%3Dx6eXK%26pf_rd_p%3Dc007a59b-1788-4f64-b1ed-4d72476022eb%26pf_rd_r%3DQR604F9CXF8DZHDGY455%26qid%3D1780676569%26sbo%3DRZvfv%252F%252FHxDF%252BO5021pAnSA%253D%253D%26sr%3D1-20-2ec22325-1003-449d-8aaf-c0bcc24717ae-spons%26aref%3DoewpQ7qVXo%26sp_csd%3Dd2lkZ2V0TmFtZT1zcF9zZWFyY2hfdGhlbWF0aWM%26psc%3D1&aref=oewpQ7qVXo&sp_cr=ZAZ,2,wireless earphones,2026-06-05 21:52:52
B0GQTNXDYM,"OnePlus Nord Buds 4 Pro TWS Earbuds Upto 55dB Real-time ANC, Adaptive Mode, 12mm Titanium-Coated Driver, Spatial Audio, Upto 54hrs Playback, Dual-Device connectivity, 47ms Low Latency, Radiant Gray",₹3999.00,4.3,(662),https://www.amazon.in/sspa/click?ie=UTF8&spc=MTozNTgzMDc2Nzg1NjIyMTA1OjE3ODA2NzY1Njk6c3Bfc2VhcmNoX3RoZW1hdGljOjMwMDk5Njk4MjU0ODUzMjo6NDo6&url=%2FOnePlus-Real-time-Titanium-Coated-Dual-Device-connectivity%2Fdp%2FB0GQTNXDYM%2Fref%3Dsxin_13_pa_sp_search_thematic_sspa%3Fcontent-id%3Damzn1.sym.c007a59b-1788-4f64-b1ed-4d72476022eb%253Aamzn1.sym.c007a59b-1788-4f64-b1ed-4d72476022eb%26cv_ct_cx%3Dwireless%2Bearphones%26keywords%3Dwireless%2Bearphones%26pd_rd_i%3DB0GQTNXDYM%26pd_rd_r%3D3f3151dc-37e6-44eb-9751-3d6eb5854156%26pd_rd_w%3D8GcEj%26pd_rd_wg%3Dx6eXK%26pf_rd_p%3Dc007a59b-1788-4f64-b1ed-4d72476022eb%26pf_rd_r%3DQR604F9CXF8DZHDGY455%26qid%3D1780676569%26sbo%3DRZvfv%252F%252FHxDF%252BO5021pAnSA%253D%253D%26sr%3D1-21-2ec22325-1003-449d-8aaf-c0bcc24717ae-spons%26aref%3DIXvc80BMH9%26sp_csd%3Dd2lkZ2V0TmFtZT1zcF9zZWFyY2hfdGhlbWF0aWM%26psc%3D1&aref=IXvc80BMH9&sp_cr=ZAZ,2,wireless earphones,2026-06-05 21:52:52
B0F1CYD5PS,-75%,₹999.00,3.9,3.9,https://sponsored-ads.amazon.in/clk/?_encoding=UTF8&p=eAFVUE2L00AApS7qGvxYelihJ6nQQ2GaySSZpJUgSdqt6UraTbdrt5cwnUybsOkkm8luyx6Kdy-C4I_w33jw4NmDR_0Jol0F3-U9eO_x4Enz_a8_3n2-V31kI-V0EEwmvnbcP6tXUPNwwXiyCc88OjLFDHHIbq6KNeocxqiYBe0x5MczczhVL167g-HUDiSk4ZaGW0oLzu6Mnfm-3Tt91Qu8cfWpdD9i4qLM8urDiR_03GHf92a9bu19RXp-64SCkYLGYc4KmqWkZGHC04SzcF4uqg_IitxkvJXw2jMxBzQlQiQU7CpgFwQ5Anl6Jep3GQ89v6mLOShjtmIRoFmaMlomGQfXCNwOAkqKSICcJLxkBaAZLxkv61iqwIO3X35--_6pW3v8N7ubqD9RIYSqCn-TiVWM9jw_6Oy5I7c5rL7oOrabH3nAsLfO5Q5Le-ucpFOiY_t_bJ3l1jnZOvYfsawduMvepj-4pnbiZitHs9DHivShEpdlLjqyvF6vW_8-kJe5TNZyJDvwSHHPu_po_DKPwiIK8zSOCqtsxIKEtAiTyIKNyySyFMOE2MA6bjdEYSlAAVg1jDY2TaAaJgIaNDVANB0DulCxbhCdMAIbiUVy0SAFW1gbxfe9rue-wb8AymOxgQ&v=c1&r=https%3A%2F%2Fwww.amazon.in%2Fgp%2Faw%2Fd%2FB0F1CYD5PS%3Fpd_rd_plhdr%3Dt%26hsa_cr_id%3D0%26qid%3D1780676569%26sr%3D1-1-63779688-3782-4084-a456-cf3657a5aea0%26i%3Daps%26aref%3Dx1NNIDICW6&ref_=sbx__sbtcd2_asin_0_bkgd&pd_rd_w=4nirH&content-id=amzn1.sym.85e4a242-2b71-46f4-80a0-03f20b779d0e%3Aamzn1.sym.85e4a242-2b71-46f4-80a0-03f20b779d0e&pf_rd_p=85e4a242-2b71-46f4-80a0-03f20b779d0e&pf_rd_r=QR604F9CXF8DZHDGY455&pd_rd_wg=x6eXK&pd_rd_r=3f3151dc-37e6-44eb-9751-3d6eb5854156,2,wireless earphones,2026-06-05 21:52:52
B0F1CZLPRK,-75%,₹999.00,3.9,3.9,https://sponsored-ads.amazon.in/clk/?_encoding=UTF8&p=eAFVUE2L00AApS7qGvxYetiFnqRCD4VpppNkklaCJGm3pl3Sbrpdl1zCdDJtwqaTbCa7LXso3r0Igj_Cf-PBg2cPHvUniHYVfJf34L3HgyfN97_-ePf5QfWJhdpnQ38289TR4LxeQc3DBePJJjx36cQQAeKQ3V4Xa9Q9jFER-J0p5KPAGF8olyfOcHxh-RJScUvFrXYLBvem9nzf6p-97vvutHokPYyYuCyzvPp45vl9Zzzw3KDfq72vSC_unFAwUtA4zFlBs5SULEx4mnAWzstF9RFZkduMtxJeey7mgKZEiISCXQXsgiBHIE-vRf0-46HrNTUxB2XMViwCNEtTRssk4-AGgbtBQEkRCZCThJesADTjJeNlHUsVePD2y89v3z_1ak__ZncT9WcKhFBR4G8ysILRnuv53T1n4jTH1Zc923LyYxfo1ta-2mFpbe3T9IJo2PofW3u5tU-3tvVHLGsHzrK_GQxvqJU42cpWTfSxIn2oxGWZi64sr9fr1r8P5GUuk7UcyTY8bjvBycQfvcqjsIjCPI2jwiwbsSAhLcIkMmHjKonMtm5ArGMNdxqiMNsAAazoegcbBlB0AwEVGiogqoYBXShY04lGGIGNxCS5aJCCLcxN2_Pcnuu8wb8A15uxoA&v=c1&r=https%3A%2F%2Fwww.amazon.in%2Fgp%2Faw%2Fd%2FB0F1CZLPRK%3Fpd_rd_plhdr%3Dt%26hsa_cr_id%3D0%26qid%3D1780676569%26sr%3D1-2-63779688-3782-4084-a456-cf3657a5aea0%26i%3Daps%26aref%3Dx1NNIDICW6&ref_=sbx__sbtcd2_asin_1_bkgd&pd_rd_w=4nirH&content-id=amzn1.sym.85e4a242-2b71-46f4-80a0-03f20b779d0e%3Aamzn1.sym.85e4a242-2b71-46f4-80a0-03f20b779d0e&pf_rd_p=85e4a242-2b71-46f4-80a0-03f20b779d0e&pf_rd_r=QR604F9CXF8DZHDGY455&pd_rd_wg=x6eXK&pd_rd_r=3f3151dc-37e6-44eb-9751-3d6eb5854156,2,wireless earphones,2026-06-05 21:52:52
B0F1CZ59F5,-75%,₹999.00,3.9,3.9,https://sponsored-ads.amazon.in/clk/?_encoding=UTF8&p=eAFVUE2L00AApS7qGvxYelihJ6nQQ2GaySSZpJUgSfphupLuptt1ySVMJ9MmbDrJZrLbsofi3Ysg-CP8Nx48ePbgUX-CaFfBd3kP3ns8eNJ8_-uPd5_v1R_ZSDkdB7OZrx2Nzpo11D5cMJ5uojOPHpsiRByym6tyjXqHCSrDoDuF_Cg0J-fqxWt3PDm3AwlpuKPhjtKB4Z2pM9-3B6evBoE3rT-V7sdMXFR5UX8484OBOxn5XjjoN97XpOe3TiQYKWkSFaykeUYqFqU8SzmL5tWi_oCsyE3OOylvPBNzQDMiRErBrgJ2QVAgUGRXonmX8cjz27qYgyphKxYDmmcZo1Wac3CNwO0goKSMBShIyitWAprzivGqiaUaPHj75ee375_6jcd_s7uJ5hMVQqiq8DeZWMVoz_OD3p577LYn9Rd9x3aLoQcMe-tc7rC0t85Jdk50bP-PrbPcOidbx_4jlo0DdznYjMbX1E7dfOVoFvpYkz7UkqoqRE-W1-t1598H8rKQyVqOZQcOFTfUu0P9ZRFHZRwVWRKXVtVKBIloGaWxBVuXaWwphgmxgXXcbYnSUoAKsGoYXWyaQDVMBDRoaoBoOgZ0oWLdIDphBLZSixSiRUq2sDaK73t9z32DfwG1mLFR&v=c1&r=https%3A%2F%2Fwww.amazon.in%2Fgp%2Faw%2Fd%2FB0F1CZ59F5%3Fpd_rd_plhdr%3Dt%26hsa_cr_id%3D0%26qid%3D1780676569%26sr%3D1-3-63779688-3782-4084-a456-cf3657a5aea0%26i%3Daps%26aref%3Dx1NNIDICW6&ref_=sbx__sbtcd2_asin_2_bkgd&pd_rd_w=4nirH&content-id=amzn1.sym.85e4a242-2b71-46f4-80a0-03f20b779d0e%3Aamzn1.sym.85e4a242-2b71-46f4-80a0-03f20b779d0e&pf_rd_p=85e4a242-2b71-46f4-80a0-03f20b779d0e&pf_rd_r=QR604F9CXF8DZHDGY455&pd_rd_wg=x6eXK&pd_rd_r=3f3151dc-37e6-44eb-9751-3d6eb5854156,2,wireless earphones,2026-06-05 21:52:52
B0G2YNSCVR,"Bluetooth Earphones for One-Plus 10 Earphones Original Like Single Ear Wireless Bluetooth in-Ear Headphones Headset with Mic, Deep Bass, Sports Earbuds (8 Hours, SMBT13)",₹399.00,5.0,(1),https://www.amazon.in/Bluetooth-Earphones-One-Plus-10-Headphones/dp/B0G2YNSCVR/ref=sr_1_22?dib=eyJ2IjoiMSJ9.8wq7STvurSAdr2AVG6IrQIPM-ug9i9xc6N-XBSAPTFQz0KmaHlLVqHmq3vwYJBBQVisjkEL00V7vcEYjpHXzz2XGMNdspLaB6DWFYGuJPjK1I7iXKl5i_yWAkWa8yQM9fy5AJkD26PEbYtmxyF33zbo_ITucqefJUXR_UaXdPM4k9iGpxmHPzCRWETnrE0mPVOBdpkMzTjd0vxW3-uXaKy9_m2Zg1kgIOv4ucJaMp2c.Kg9bB61zQ_qJ9L0ncH7pT4n9TSEZUcERP3p-tsSWTvY&dib_tag=se&keywords=wireless+earphones&qid=1780676569,2,wireless earphones,2026-06-05 21:52:52
B0GTVQ7MVY,"Wireless Earbuds Bluetooth 5.3, 13mm Heavy Bass TWS Earphones with 42ms Low Latency | 180H Playtime | Water Resistant | Pure Copper Drivers | Touch Control | in-Ear Buds for Android iOS (Pink)",₹652.50,N/A,N/A,https://www.amazon.in/Wireless-Bluetooth-Earphones-Playtime-Resistant/dp/B0GTVQ7MVY/ref=sr_1_23?dib=eyJ2IjoiMSJ9.8wq7STvurSAdr2AVG6IrQIPM-ug9i9xc6N-XBSAPTFQz0KmaHlLVqHmq3vwYJBBQVisjkEL00V7vcEYjpHXzz2XGMNdspLaB6DWFYGuJPjK1I7iXKl5i_yWAkWa8yQM9fy5AJkD26PEbYtmxyF33zbo_ITucqefJUXR_UaXdPM4k9iGpxmHPzCRWETnrE0mPVOBdpkMzTjd0vxW3-uXaKy9_m2Zg1kgIOv4ucJaMp2c.Kg9bB61zQ_qJ9L0ncH7pT4n9TSEZUcERP3p-tsSWTvY&dib_tag=se&keywords=wireless+earphones&qid=1780676569,2,wireless earphones,2026-06-05 21:52:52
B0GHQQKPW2,"Fire-Boltt Newly Launched Aero Luxe TWS Earbuds with Custom EQ, Bluetooth 5.4 Wireless Earphones, 70H Playtime, Fast Charging Case, 50ms Low-Latency Gaming & Touch Controls Sandstone Beige",₹899.00,3.2,(108),https://www.amazon.in/Fire-Boltt-Bluetooth-Earphones-Low-Latency-Sandstone/dp/B0GHQQKPW2/ref=sr_1_24?dib=eyJ2IjoiMSJ9.8wq7STvurSAdr2AVG6IrQIPM-ug9i9xc6N-XBSAPTFQz0KmaHlLVqHmq3vwYJBBQVisjkEL00V7vcEYjpHXzz2XGMNdspLaB6DWFYGuJPjK1I7iXKl5i_yWAkWa8yQM9fy5AJkD26PEbYtmxyF33zbo_ITucqefJUXR_UaXdPM4k9iGpxmHPzCRWETnrE0mPVOBdpkMzTjd0vxW3-uXaKy9_m2Zg1kgIOv4ucJaMp2c.Kg9bB61zQ_qJ9L0ncH7pT4n9TSEZUcERP3p-tsSWTvY&dib_tag=se&keywords=wireless+earphones&qid=1780676569,2,wireless earphones,2026-06-05 21:52:52
B0GFM3D1XC,"Bluetooth Earphones for Sony Xperia 10 Plus / Xperia10 Plus Earphones Original Like Wireless Bluetooth Neckband in-Ear Headphones Headset with Mic, Deep Bass, Sports Earbuds (15 Hours, SNDT,1)",₹449.00,N/A,N/A,https://www.amazon.in/Sony-Xperia-10-Plus-Headphones/dp/B0GFM3D1XC/ref=sr_1_25?dib=eyJ2IjoiMSJ9.8wq7STvurSAdr2AVG6IrQIPM-ug9i9xc6N-XBSAPTFQz0KmaHlLVqHmq3vwYJBBQVisjkEL00V7vcEYjpHXzz2XGMNdspLaB6DWFYGuJPjK1I7iXKl5i_yWAkWa8yQM9fy5AJkD26PEbYtmxyF33zbo_ITucqefJUXR_UaXdPM4k9iGpxmHPzCRWETnrE0mPVOBdpkMzTjd0vxW3-uXaKy9_m2Zg1kgIOv4ucJaMp2c.Kg9bB61zQ_qJ9L0ncH7pT4n9TSEZUcERP3p-tsSWTvY&dib_tag=se&keywords=wireless+earphones&qid=1780676569,2,wireless earphones,2026-06-05 21:52:52
B0C33XXS56,"Sony WF-1000XM5 Best Active Noise Cancelling Wireless Bluetooth Earbuds with Mic, TWS, Up to 24 Hours Battery Life - Black",₹24990.00,3.9,(5.6K),https://www.amazon.in/Sony-WF-1000XM5-Cancelling-Headphones-Multi-Point/dp/B0C33XXS56/ref=sr_1_26?dib=eyJ2IjoiMSJ9.8wq7STvurSAdr2AVG6IrQIPM-ug9i9xc6N-XBSAPTFQz0KmaHlLVqHmq3vwYJBBQVisjkEL00V7vcEYjpHXzz2XGMNdspLaB6DWFYGuJPjK1I7iXKl5i_yWAkWa8yQM9fy5AJkD26PEbYtmxyF33zbo_ITucqefJUXR_UaXdPM4k9iGpxmHPzCRWETnrE0mPVOBdpkMzTjd0vxW3-uXaKy9_m2Zg1kgIOv4ucJaMp2c.Kg9bB61zQ_qJ9L0ncH7pT4n9TSEZUcERP3p-tsSWTvY&dib_tag=se&keywords=wireless+earphones&qid=1780676569,2,wireless earphones,2026-06-05 21:52:52
B0GQJ5B4F6,"Portronics Harmonics Y5 Bluetooth Wireless In Ear Earphone with strong Clip, Upto 24 Hour Playback,Dual Pairing, HD Clarity Mic, Transparent Design,Magnetic Buds, Bluetooth V6.0,Type C Charging(Black)",₹799.00,3.6,(8),https://www.amazon.in/sspa/click?ie=UTF8&spc=MToyMjk0MjAwNDAwNjEwODc4OjE3ODA2NzY1Njk6c3BfbXRmOjMwMDk5Nzg4Mjc0NTczMjo6MDo6&url=%2FPortronics-Harmonics-Bluetooth-Wireless-Transparent%2Fdp%2FB0GQJ5B4F6%2Fref%3Dsr_1_27_sspa%3Fdib%3DeyJ2IjoiMSJ9.8wq7STvurSAdr2AVG6IrQIPM-ug9i9xc6N-XBSAPTFQz0KmaHlLVqHmq3vwYJBBQVisjkEL00V7vcEYjpHXzz2XGMNdspLaB6DWFYGuJPjK1I7iXKl5i_yWAkWa8yQM9fy5AJkD26PEbYtmxyF33zbo_ITucqefJUXR_UaXdPM4k9iGpxmHPzCRWETnrE0mPVOBdpkMzTjd0vxW3-uXaKy9_m2Zg1kgIOv4ucJaMp2c.Kg9bB61zQ_qJ9L0ncH7pT4n9TSEZUcERP3p-tsSWTvY%26dib_tag%3Dse%26keywords%3Dwireless%2Bearphones%26qid%3D1780676569%26aref%3DHgrswOyMqW%26sp_csd%3Dd2lkZ2V0TmFtZT1zcF9tdGY%26psc%3D1&aref=HgrswOyMqW&sp_cr=ZAZ,2,wireless earphones,2026-06-05 21:52:52
B0GNXCGZSF,"Portronics Twins one in Ear Earbuds with Deep Bass, Upto 30 Hours Playtime,13mm Dynamic Driver, Game/Music Mode, Bluetooth V6.0, Voice Assistant, Type C Fast Charging Buds, Lightweight Design(White)",₹849.00,4.2,(7),https://www.amazon.in/sspa/click?ie=UTF8&spc=MToyMjk0MjAwNDAwNjEwODc4OjE3ODA2NzY1Njk6c3BfbXRmOjMwMTExODkzMzkyNzAzMjo6MDo6&url=%2FPortronics-Playtime-Bluetooth-Assistant-Lightweight%2Fdp%2FB0GNXCGZSF%2Fref%3Dsr_1_28_sspa%3Fdib%3DeyJ2IjoiMSJ9.8wq7STvurSAdr2AVG6IrQIPM-ug9i9xc6N-XBSAPTFQz0KmaHlLVqHmq3vwYJBBQVisjkEL00V7vcEYjpHXzz2XGMNdspLaB6DWFYGuJPjK1I7iXKl5i_yWAkWa8yQM9fy5AJkD26PEbYtmxyF33zbo_ITucqefJUXR_UaXdPM4k9iGpxmHPzCRWETnrE0mPVOBdpkMzTjd0vxW3-uXaKy9_m2Zg1kgIOv4ucJaMp2c.Kg9bB61zQ_qJ9L0ncH7pT4n9TSEZUcERP3p-tsSWTvY%26dib_tag%3Dse%26keywords%3Dwireless%2Bearphones%26qid%3D1780676569%26aref%3DB3Q5m5Z9fU%26sp_csd%3Dd2lkZ2V0TmFtZT1zcF9tdGY%26psc%3D1&aref=B3Q5m5Z9fU&sp_cr=ZAZ,2,wireless earphones,2026-06-05 21:52:52
B0G2SSR8KF,"Bluetooth Earphones for One-Plus Nord CE 2 Lite Earphones Original Like Wireless Bluetooth Neckband in-Ear Headphones Headset with Mic, Deep Bass, Sports Earbuds (15 Hours, JO32)",₹499.00,N/A,N/A,https://www.amazon.in/Bluetooth-Nord-CE-Lite-Headphones/dp/B0G2SSR8KF/ref=sr_1_29?dib=eyJ2IjoiMSJ9.8wq7STvurSAdr2AVG6IrQIPM-ug9i9xc6N-XBSAPTFQz0KmaHlLVqHmq3vwYJBBQVisjkEL00V7vcEYjpHXzz2XGMNdspLaB6DWFYGuJPjK1I7iXKl5i_yWAkWa8yQM9fy5AJkD26PEbYtmxyF33zbo_ITucqefJUXR_UaXdPM4k9iGpxmHPzCRWETnrE0mPVOBdpkMzTjd0vxW3-uXaKy9_m2Zg1kgIOv4ucJaMp2c.Kg9bB61zQ_qJ9L0ncH7pT4n9TSEZUcERP3p-tsSWTvY&dib_tag=se&keywords=wireless+earphones&qid=1780676569,2,wireless earphones,2026-06-05 21:52:52
B0GTFDC64C,"Earbuds for One-Plus Nord CE 2 Lite Earbuds Original Like True Wireless Bluetooth in-Ear Headphones Earphones TWS with Mic, Touch Controls, Deep Bass, Sports (54 Hours Case, OPB3R1)",₹679.00,1.0,(1),https://www.amazon.in/Nord-CE-Lite-Bluetooth-Headphones/dp/B0GTFDC64C/ref=sr_1_30?dib=eyJ2IjoiMSJ9.8wq7STvurSAdr2AVG6IrQIPM-ug9i9xc6N-XBSAPTFQz0KmaHlLVqHmq3vwYJBBQVisjkEL00V7vcEYjpHXzz2XGMNdspLaB6DWFYGuJPjK1I7iXKl5i_yWAkWa8yQM9fy5AJkD26PEbYtmxyF33zbo_ITucqefJUXR_UaXdPM4k9iGpxmHPzCRWETnrE0mPVOBdpkMzTjd0vxW3-uXaKy9_m2Zg1kgIOv4ucJaMp2c.Kg9bB61zQ_qJ9L0ncH7pT4n9TSEZUcERP3p-tsSWTvY&dib_tag=se&keywords=wireless+earphones&qid=1780676569,2,wireless earphones,2026-06-05 21:52:52
B09TT3X7MF,"Sony WI-C100 Wireless Headphones with Customizable Equalizer for Deep Bass & 25 Hrs Battery, DSEE-Upscale, Splash Proof, 360RA, Fast Pair, in-Ear Bluetooth Headset with mic for Phone Calls (Taupe)",₹1849.00,3.8,(14.8K),https://www.amazon.in/Sony-Headphones-Customizable-Equalizer-DSEE-Upscale/dp/B09TT3X7MF/ref=sr_1_31?dib=eyJ2IjoiMSJ9.8wq7STvurSAdr2AVG6IrQIPM-ug9i9xc6N-XBSAPTFQz0KmaHlLVqHmq3vwYJBBQVisjkEL00V7vcEYjpHXzz2XGMNdspLaB6DWFYGuJPjK1I7iXKl5i_yWAkWa8yQM9fy5AJkD26PEbYtmxyF33zbo_ITucqefJUXR_UaXdPM4k9iGpxmHPzCRWETnrE0mPVOBdpkMzTjd0vxW3-uXaKy9_m2Zg1kgIOv4ucJaMp2c.Kg9bB61zQ_qJ9L0ncH7pT4n9TSEZUcERP3p-tsSWTvY&dib_tag=se&keywords=wireless+earphones&qid=1780676569,2,wireless earphones,2026-06-05 21:52:52
B0GFLQ3LNS,"Bluetooth Earphones for Realme GT Neo 2 Earphones Original Like Wireless Bluetooth Neckband in-Ear Headphones Headset with Mic, Deep Bass, Sports Earbuds (15 Hours, RLM,1)",₹599.00,4.0,(1),https://www.amazon.in/Bluetooth-Realme-GT-Neo-Headphones/dp/B0GFLQ3LNS/ref=sr_1_32?dib=eyJ2IjoiMSJ9.8wq7STvurSAdr2AVG6IrQIPM-ug9i9xc6N-XBSAPTFQz0KmaHlLVqHmq3vwYJBBQVisjkEL00V7vcEYjpHXzz2XGMNdspLaB6DWFYGuJPjK1I7iXKl5i_yWAkWa8yQM9fy5AJkD26PEbYtmxyF33zbo_ITucqefJUXR_UaXdPM4k9iGpxmHPzCRWETnrE0mPVOBdpkMzTjd0vxW3-uXaKy9_m2Zg1kgIOv4ucJaMp2c.Kg9bB61zQ_qJ9L0ncH7pT4n9TSEZUcERP3p-tsSWTvY&dib_tag=se&keywords=wireless+earphones&qid=1780676569,2,wireless earphones,2026-06-05 21:52:52
B0DWHB886R,Sony WF-C710N | Dual Noise Cancellation Wireless Bluetooth in Ear Earbuds | AI Call Quality | 40Hrs Battery W/O ANC | 30Hrs Battery with ANC - Blue,₹7997.00,3.6,(1K),https://www.amazon.in/Sony-WF-C710N-Cancellation-Wireless-Bluetooth/dp/B0DWHB886R/ref=sr_1_33?dib=eyJ2IjoiMSJ9.8wq7STvurSAdr2AVG6IrQIPM-ug9i9xc6N-XBSAPTFQz0KmaHlLVqHmq3vwYJBBQVisjkEL00V7vcEYjpHXzz2XGMNdspLaB6DWFYGuJPjK1I7iXKl5i_yWAkWa8yQM9fy5AJkD26PEbYtmxyF33zbo_ITucqefJUXR_UaXdPM4k9iGpxmHPzCRWETnrE0mPVOBdpkMzTjd0vxW3-uXaKy9_m2Zg1kgIOv4ucJaMp2c.Kg9bB61zQ_qJ9L0ncH7pT4n9TSEZUcERP3p-tsSWTvY&dib_tag=se&keywords=wireless+earphones&qid=1780676569,2,wireless earphones,2026-06-05 21:52:52
B0H1RGR4W8,"ERD OWS-100 Wireless Earbuds, Bluetooth Earbuds with HD Sound, Touch Control, Long Battery Life & Built-in Mic, True Wireless Earphones for Gaming, Music & Calls – Black",₹2054.00,N/A,N/A,https://www.amazon.in/OWS-100-Wireless-Earbuds-Bluetooth-Earphones/dp/B0H1RGR4W8/ref=sr_1_34?dib=eyJ2IjoiMSJ9.8wq7STvurSAdr2AVG6IrQIPM-ug9i9xc6N-XBSAPTFQz0KmaHlLVqHmq3vwYJBBQVisjkEL00V7vcEYjpHXzz2XGMNdspLaB6DWFYGuJPjK1I7iXKl5i_yWAkWa8yQM9fy5AJkD26PEbYtmxyF33zbo_ITucqefJUXR_UaXdPM4k9iGpxmHPzCRWETnrE0mPVOBdpkMzTjd0vxW3-uXaKy9_m2Zg1kgIOv4ucJaMp2c.Kg9bB61zQ_qJ9L0ncH7pT4n9TSEZUcERP3p-tsSWTvY&dib_tag=se&keywords=wireless+earphones&qid=1780676569,2,wireless earphones,2026-06-05 21:52:52
B0GMQLR7JL,Earbuds for One Plus 12r/11r/10r/10t/10/10 pro/9/9 pro/8T/8/8pro/7Pro/7T/7TPro/Nord/Ce3 lite Wireless Earbuds (OPBR51),₹690.00,1.6,(11),https://www.amazon.in/Earbuds-Plus-7TPro-Wireless-OPBR51/dp/B0GMQLR7JL/ref=sr_1_35?dib=eyJ2IjoiMSJ9.8wq7STvurSAdr2AVG6IrQIPM-ug9i9xc6N-XBSAPTFQz0KmaHlLVqHmq3vwYJBBQVisjkEL00V7vcEYjpHXzz2XGMNdspLaB6DWFYGuJPjK1I7iXKl5i_yWAkWa8yQM9fy5AJkD26PEbYtmxyF33zbo_ITucqefJUXR_UaXdPM4k9iGpxmHPzCRWETnrE0mPVOBdpkMzTjd0vxW3-uXaKy9_m2Zg1kgIOv4ucJaMp2c.Kg9bB61zQ_qJ9L0ncH7pT4n9TSEZUcERP3p-tsSWTvY&dib_tag=se&keywords=wireless+earphones&qid=1780676569,2,wireless earphones,2026-06-05 21:52:52
B0GTBLFFVS,"Earbuds for realme 14 Pro Plus Earbuds Original Like True Wireless Bluetooth in-Ear Headphones Earphones TWS with Mic, Touch Controls, Deep Bass, Sports (54 Hours Case, OPB3R1)",₹679.00,3.4,(5),https://www.amazon.in/realme-14-Pro-Plus-Headphones/dp/B0GTBLFFVS/ref=sr_1_36?dib=eyJ2IjoiMSJ9.8wq7STvurSAdr2AVG6IrQIPM-ug9i9xc6N-XBSAPTFQz0KmaHlLVqHmq3vwYJBBQVisjkEL00V7vcEYjpHXzz2XGMNdspLaB6DWFYGuJPjK1I7iXKl5i_yWAkWa8yQM9fy5AJkD26PEbYtmxyF33zbo_ITucqefJUXR_UaXdPM4k9iGpxmHPzCRWETnrE0mPVOBdpkMzTjd0vxW3-uXaKy9_m2Zg1kgIOv4ucJaMp2c.Kg9bB61zQ_qJ9L0ncH7pT4n9TSEZUcERP3p-tsSWTvY&dib_tag=se&keywords=wireless+earphones&qid=1780676569,2,wireless earphones,2026-06-05 21:52:52
B0FVS76HKH,"Fire-Boltt Aero TWS Earbuds Custom EQ, Wireless Bluetooth 5.4, Music & App Support, 50H Playtime, Fast Charging Case, 50ms Low Latency for Gaming, Touch Controls, IPX4 Waterproof, Clear Calls - White",₹699.00,3.8,(11.2K),https://www.amazon.in/sspa/click?ie=UTF8&spc=MToyMjk0MjAwNDAwNjEwODc4OjE3ODA2NzY1Njk6c3BfYnRmOjMwMDg1MjYwNzc1MzMzMjo6MDo6&url=%2FFire-Boltt-Wireless-Bluetooth-Playtime-Waterproof%2Fdp%2FB0FVS76HKH%2Fref%3Dsr_1_37_sspa%3Fdib%3DeyJ2IjoiMSJ9.8wq7STvurSAdr2AVG6IrQIPM-ug9i9xc6N-XBSAPTFQz0KmaHlLVqHmq3vwYJBBQVisjkEL00V7vcEYjpHXzz2XGMNdspLaB6DWFYGuJPjK1I7iXKl5i_yWAkWa8yQM9fy5AJkD26PEbYtmxyF33zbo_ITucqefJUXR_UaXdPM4k9iGpxmHPzCRWETnrE0mPVOBdpkMzTjd0vxW3-uXaKy9_m2Zg1kgIOv4ucJaMp2c.Kg9bB61zQ_qJ9L0ncH7pT4n9TSEZUcERP3p-tsSWTvY%26dib_tag%3Dse%26keywords%3Dwireless%2Bearphones%26qid%3D1780676569%26aref%3DIohKyKKF1v%26sp_csd%3Dd2lkZ2V0TmFtZT1zcF9idGY%26psc%3D1&aref=IohKyKKF1v&sp_cr=ZAZ,2,wireless earphones,2026-06-05 21:52:52
B0CYQ74MWQ,"Portronics Harmonics Twins 28 ANC TWS in Ear Earbuds with Smart Touch Control, 50 Hours Playback, Quad Mic ENC, Low Latency, 13mm Dynamic Driver, IPX 5 Water Resistant, Fast Type C Charging(Black)",₹1199.00,3.8,(155),https://www.amazon.in/sspa/click?ie=UTF8&spc=MToyMjk0MjAwNDAwNjEwODc4OjE3ODA2NzY1Njk6c3BfYnRmOjMwMDk3ODQ0MzQyMDUzMjo6MDo6&url=%2FPortronics-Harmonics-Playback-Resistant-Charging%2Fdp%2FB0CYQ74MWQ%2Fref%3Dsr_1_38_sspa%3Fdib%3DeyJ2IjoiMSJ9.8wq7STvurSAdr2AVG6IrQIPM-ug9i9xc6N-XBSAPTFQz0KmaHlLVqHmq3vwYJBBQVisjkEL00V7vcEYjpHXzz2XGMNdspLaB6DWFYGuJPjK1I7iXKl5i_yWAkWa8yQM9fy5AJkD26PEbYtmxyF33zbo_ITucqefJUXR_UaXdPM4k9iGpxmHPzCRWETnrE0mPVOBdpkMzTjd0vxW3-uXaKy9_m2Zg1kgIOv4ucJaMp2c.Kg9bB61zQ_qJ9L0ncH7pT4n9TSEZUcERP3p-tsSWTvY%26dib_tag%3Dse%26keywords%3Dwireless%2Bearphones%26qid%3D1780676569%26aref%3D19edq8vzOL%26sp_csd%3Dd2lkZ2V0TmFtZT1zcF9idGY%26psc%3D1&aref=19edq8vzOL&sp_cr=ZAZ,2,wireless earphones,2026-06-05 21:52:52
B0GN73QQFF,"Portronics Harmonics Z12 in Ear Bluetooth Neckband with Metallic Built & Hall Switch(ON/OFF),Upto 35 Hours Playtime, Gaming/Music Mode, Low Latency, Bluetooth Version 5.3V, Type C Fast Charging(Black)",₹799.00,4.3,(32),https://www.amazon.in/sspa/click?ie=UTF8&spc=MTozNTcxNDE0MjEzNTk0MzEyOjE3ODA2NzY1Njk6c3Bfc2VhcmNoX3RoZW1hdGljX2J0ZjozMDA5OTc4ODI3NDYxMzI6OjA6Og&url=%2FPortronics-Harmonics-Bluetooth-Neckband-Metallic%2Fdp%2FB0GN73QQFF%2Fref%3Dsxbs_pa_sp_search_thematic_btf_sspa%3Fcontent-id%3Damzn1.sym.5298acb7-37ab-4bc0-a659-56dfae35672f%253Aamzn1.sym.5298acb7-37ab-4bc0-a659-56dfae35672f%26cv_ct_cx%3Dwireless%2Bearphones%26keywords%3Dwireless%2Bearphones%26pd_rd_i%3DB0GN73QQFF%26pd_rd_r%3D0526c97d-6ac3-4d72-ba66-129cf9736c02%26pd_rd_w%3Dxcq1C%26pd_rd_wg%3DrPx36%26pf_rd_p%3D5298acb7-37ab-4bc0-a659-56dfae35672f%26pf_rd_r%3DQR604F9CXF8DZHDGY455%26qid%3D1780676569%26sbo%3DRZvfv%252F%252FHxDF%252BO5021pAnSA%253D%253D%26sr%3D1-17-39d2cf51-924d-44a4-921d-0c8fa4cce3c9-spons%26aref%3D0rYVwKorX3%26sp_csd%3Dd2lkZ2V0TmFtZT1zcF9zZWFyY2hfdGhlbWF0aWNfYnRm%26psc%3D1&aref=0rYVwKorX3&sp_cr=ZAZ,2,wireless earphones,2026-06-05 21:52:52
B0GK1MTWC1,"truke New Launch Mega 12 True Wireless in Ear Earbuds W/ 24-Bit Spatial Audio, Premium Leather Textured Design, 70H Playtime Fast Charge Buds, 13mm Drivers TWS, Low Latency, ENC (Indigo Blue)",₹1199.00,4.3,(165),https://www.amazon.in/sspa/click?ie=UTF8&spc=MTozNTcxNDE0MjEzNTk0MzEyOjE3ODA2NzY1Njk6c3Bfc2VhcmNoX3RoZW1hdGljX2J0ZjozMDA5OTUzNzI0MTEyMzI6OjE6Og&url=%2Ftruke-Wireless-Earbuds-Textured-Playtime%2Fdp%2FB0GK1MTWC1%2Fref%3Dsxbs_pa_sp_search_thematic_btf_sspa%3Fcontent-id%3Damzn1.sym.5298acb7-37ab-4bc0-a659-56dfae35672f%253Aamzn1.sym.5298acb7-37ab-4bc0-a659-56dfae35672f%26cv_ct_cx%3Dwireless%2Bearphones%26keywords%3Dwireless%2Bearphones%26pd_rd_i%3DB0GK1MTWC1%26pd_rd_r%3D0526c97d-6ac3-4d72-ba66-129cf9736c02%26pd_rd_w%3Dxcq1C%26pd_rd_wg%3DrPx36%26pf_rd_p%3D5298acb7-37ab-4bc0-a659-56dfae35672f%26pf_rd_r%3DQR604F9CXF8DZHDGY455%26qid%3D1780676569%26sbo%3DRZvfv%252F%252FHxDF%252BO5021pAnSA%253D%253D%26sr%3D1-18-39d2cf51-924d-44a4-921d-0c8fa4cce3c9-spons%26aref%3DBV8cOpY5pV%26sp_csd%3Dd2lkZ2V0TmFtZT1zcF9zZWFyY2hfdGhlbWF0aWNfYnRm%26psc%3D1&aref=BV8cOpY5pV&sp_cr=ZAZ,2,wireless earphones,2026-06-05 21:52:52
B0G2GKPK48,Mivi DuoPods Vibe | Dual Connectivity Ear Buds Wireless | Clear HD Calls | 5.3 Bluetooth Earphone Wireless | 13mm Drivers | 60 Hours Playtime | Made in India TWS Earbuds,₹899.00,4.1,(227),https://www.amazon.in/sspa/click?ie=UTF8&spc=MTozNTcxNDE0MjEzNTk0MzEyOjE3ODA2NzY1Njk6c3Bfc2VhcmNoX3RoZW1hdGljX2J0ZjozMDExMTcxNDkxMDAyMzI6OjI6Og&url=%2FMivi-Connectivity-Wireless-Bluetooth-Earphone%2Fdp%2FB0G2GKPK48%2Fref%3Dsxbs_pa_sp_search_thematic_btf_sspa%3Fcontent-id%3Damzn1.sym.5298acb7-37ab-4bc0-a659-56dfae35672f%253Aamzn1.sym.5298acb7-37ab-4bc0-a659-56dfae35672f%26cv_ct_cx%3Dwireless%2Bearphones%26keywords%3Dwireless%2Bearphones%26pd_rd_i%3DB0G2GKPK48%26pd_rd_r%3D0526c97d-6ac3-4d72-ba66-129cf9736c02%26pd_rd_w%3Dxcq1C%26pd_rd_wg%3DrPx36%26pf_rd_p%3D5298acb7-37ab-4bc0-a659-56dfae35672f%26pf_rd_r%3DQR604F9CXF8DZHDGY455%26qid%3D1780676569%26sbo%3DRZvfv%252F%252FHxDF%252BO5021pAnSA%253D%253D%26sr%3D1-19-39d2cf51-924d-44a4-921d-0c8fa4cce3c9-spons%26aref%3D4OwHYtoSnf%26sp_csd%3Dd2lkZ2V0TmFtZT1zcF9zZWFyY2hfdGhlbWF0aWNfYnRm%26psc%3D1&aref=4OwHYtoSnf&sp_cr=ZAZ,2,wireless earphones,2026-06-05 21:52:52
B0FKBWTWZ8,"truke New Launch Mega 7 True Wireless in-Ear Earbuds w/ 24-Bit 360 Spatial Audio, 60H Playtime & Fast Charging Buds, Dual Pairing, 40ms Low Latency TWS, 4-Mic ENC, Made in India-(Coffee Brown)",₹899.00,4.1,(423),https://www.amazon.in/sspa/click?ie=UTF8&spc=MTozNTcxNDE0MjEzNTk0MzEyOjE3ODA2NzY1Njk6c3Bfc2VhcmNoX3RoZW1hdGljX2J0ZjozMDA3Nzc1NjMxMDM0MzI6OjM6Og&url=%2Ftruke-Wireless-Earbuds-Playtime-Charging%2Fdp%2FB0FKBWTWZ8%2Fref%3Dsxbs_pa_sp_search_thematic_btf_sspa%3Fcontent-id%3Damzn1.sym.5298acb7-37ab-4bc0-a659-56dfae35672f%253Aamzn1.sym.5298acb7-37ab-4bc0-a659-56dfae35672f%26cv_ct_cx%3Dwireless%2Bearphones%26keywords%3Dwireless%2Bearphones%26pd_rd_i%3DB0FKBWTWZ8%26pd_rd_r%3D0526c97d-6ac3-4d72-ba66-129cf9736c02%26pd_rd_w%3Dxcq1C%26pd_rd_wg%3DrPx36%26pf_rd_p%3D5298acb7-37ab-4bc0-a659-56dfae35672f%26pf_rd_r%3DQR604F9CXF8DZHDGY455%26qid%3D1780676569%26sbo%3DRZvfv%252F%252FHxDF%252BO5021pAnSA%253D%253D%26sr%3D1-20-39d2cf51-924d-44a4-921d-0c8fa4cce3c9-spons%26aref%3DZNCmiV0qvS%26sp_csd%3Dd2lkZ2V0TmFtZT1zcF9zZWFyY2hfdGhlbWF0aWNfYnRm%26psc%3D1&aref=ZNCmiV0qvS&sp_cr=ZAZ,2,wireless earphones,2026-06-05 21:52:52
B0GCSCPZZ1,"Kratos TW02 Ear Buds Wireless with 30H Playtime, Noise Isolation & Clear Calls, Bluetooth Earbuds with Voice Assistant, Ear Buds with Bluetooth V 5.3 & with Type C Fast Charging, IPX5 TWS Earphones",₹498.00,4.2,(683),https://www.amazon.in/sspa/click?ie=UTF8&spc=MTozNTcxNDE0MjEzNTk0MzEyOjE3ODA2NzY1Njk6c3Bfc2VhcmNoX3RoZW1hdGljX2J0ZjozMDA5NzAwMDU4NTQxMzI6OjQ6Og&url=%2FKratos-Isolation-Bluetooth-Assistant-Earphones%2Fdp%2FB0GCSCPZZ1%2Fref%3Dsxbs_pa_sp_search_thematic_btf_sspa%3Fcontent-id%3Damzn1.sym.5298acb7-37ab-4bc0-a659-56dfae35672f%253Aamzn1.sym.5298acb7-37ab-4bc0-a659-56dfae35672f%26cv_ct_cx%3Dwireless%2Bearphones%26keywords%3Dwireless%2Bearphones%26pd_rd_i%3DB0GCSCPZZ1%26pd_rd_r%3D0526c97d-6ac3-4d72-ba66-129cf9736c02%26pd_rd_w%3Dxcq1C%26pd_rd_wg%3DrPx36%26pf_rd_p%3D5298acb7-37ab-4bc0-a659-56dfae35672f%26pf_rd_r%3DQR604F9CXF8DZHDGY455%26qid%3D1780676569%26sbo%3DRZvfv%252F%252FHxDF%252BO5021pAnSA%253D%253D%26sr%3D1-21-39d2cf51-924d-44a4-921d-0c8fa4cce3c9-spons%26aref%3DsH5K2muDYC%26sp_csd%3Dd2lkZ2V0TmFtZT1zcF9zZWFyY2hfdGhlbWF0aWNfYnRm%26psc%3D1&aref=sH5K2muDYC&sp_cr=ZAZ,2,wireless earphones,2026-06-05 21:52:52
B0GK1MTWC1,-73%,₹1199.00,4.3,4.3,https://aax-eu-zaz.amazon.in/x/c/JC8R0lhioGBe2zCslbKNQz4AAAGemJg_TgoAAAH2AQBvbm9fdHhuX2JpZDMgICBvbm9fdHhuX2ltcDIgICD8qM1c/clv1c_ek-wBPHXJbbQzo7jv87V7tr9Pm8mMtTuxD-yD4gIhIQNpOmjts1qYdvo04xh1AsyOUPHKGpZzumB4HoCJQorpNmGf5AfeRCXefML0kkPJzchIDu9pv3Wvf2_Je934kKw0yw_f7vircegZsGuwsgE44r7a9803VXOYoTwwncK1CYdWnI91gAvy_zA1jS3mTL2pBIM3gjbJ0BaXvD_u9AAsuyfM1ILBM_THKwYqhGdYYbSF4NbA4xsU_mOtd2EENx1nCcWmt2wiaKIb8nmGRt4X8LDeEK5QYAp7IJpKwYMWDpvwEzhCKTieFZhJpvTT1jGmBu7sLQ5wFgtrPCMp1JdK4xnXLVmF-6ta6J_edQPr4-l4PTUDPBpYkww068izD01EQIm2fXts041VUj9tEKTP0BttoKqxBAtTZAQ7veRictAG6rvaL2pAF838rpKJDCHmljIZ7Dws0X7dXxx66qOy5kll6XMco-GiTTggaroc8Jn7z0m7Ss-2afNms5pi66_5qhZoUNYlmkSkgh1jeHMZPPTnL_MziQa58ONC8mvhsmnVDh51qUGXRfC0hnK2hPYGJ8yNft29euVCDkpgGqIn6Gki9whubGT3PoM1LyBkEsw7390xufpPA38bwR1AuyIswq3eXqEfhvfR0MkCCYn1ujTn0vgpE07S_MvI68rV8HT8u9nOFFB2ROt4V3I2VpWq-e1133SuMfMoZp69uB55sBjqYhzmgRu-uW6YKx-sBkw4PXBvHVdO-_qm7vcaZjYyQW99VZiobr5zC1xLHHHmNnsFDZTEeIcMpW5c9BTcui-Xemd_GS1MTt1b-SzZYpBJIXxXO7Mb-0M6zMOw5kx6G1D7hEff57qNKTDGM55vcR3BkzGhk4F4zioIBSfyKfS1zMvDE42C-_k-DbdRrGsAFilwECUqn0uL-k0hfFFjHh_Dzj0apufR-GcoysQY-C1NRNIqV8N2OuvbPWyz8_krx8xdMv8lseZOsFBs4BlM4UxeBJ9tpj2JN2fYJVudebNX2pidWJcH8MmYYUt5L-c62471HmZY-t6CAYwTn_H8eYin6gDF6DIZ7T3xz-mAjUEK0J9Gl8kmaP3E8PWEBtwFY8AeZvFjr8Xiqm1kmuMz4oApPnjtR3XSG1U8Kfw1mU5yuj5IkrdjXNZ6AHqdUjnTE-jV7Lyk5z2m-M4golTjUDfw6Jw_ZxR1Z5kNleCjWC79MJerpAFq9OiItI4jHDRuCTowkH9j462JWfahIjC7XgmaDzTJKuL0KAPQdEsGSIn1nf6M7B9x_3yzJs2HD6SgCUywJLRmq09wSgmFucLKy5o6Hmv6PBFnwgOjLcTBj3pe9mSjD4623s-0EnWJrHqeErtcCiG3nLpsK6SbgPS206vpaqJa6cYufwP7sIY1aIh-ukQxrpCZ1kfZyZ1NaYd8dOPu5-B8n5BFqPfWh_6FxgjjRxkhWb9xHehbWed69OHVXNNNRaNSnxw30id7qcoohybn6ehTQKWwEpAnwZtEGuBl7SksZJXgZJ2wn2BIfPa0mv7j7WZ1H0XIHFQxxbyyNELPqnTSQdEKyYQpwvrMVyDiyJgJwFrfNlK_oBWBHOIphmuKeNI-jJWxkRqJaDd1Pj3LPRATN1dbAhs88WdzF6YwcjCNaWNxVeJ3FRR0YxsPoGyAA42k22le5Suh83W-Z_uwRI6pF6xhKbmdlyv-gLyPkmk3FDRXsr_MAIuOdl353MVMt4FUd3F/https://www.amazon.in/gp/aw/d/B0GK1MTWC1/?_encoding=UTF8&pd_rd_plhdr=t&aaxitk=8a688f7887565818bccccc013b38889a&hsa_cr_id=0&qid=1780676574&sr=1-1-dc1129fb-c8d4-4aec-832b-0226c0abeddd&aref=Y9ndZmXqmM&ref_=sbx_s_sparkle_sbtcd_asin_0_bkgd&pd_rd_w=QOlxP&content-id=amzn1.sym.8a57b97d-e631-43f3-bda6-83b652fe6439%3Aamzn1.sym.8a57b97d-e631-43f3-bda6-83b652fe6439&pf_rd_p=8a57b97d-e631-43f3-bda6-83b652fe6439&pf_rd_r=P2P91XEZBJ0CTK63950B&pd_rd_wg=3z2h0&pd_rd_r=aff9c05e-39b0-444d-96ac-45717beae8f0,3,wireless earphones,2026-06-05 21:52:57
B0GK22XD58,-73%,₹1199.00,4.3,4.3,https://aax-eu-zaz.amazon.in/x/c/JC8R0lhioGBe2zCslbKNQz4AAAGemJg_TgoAAAH2AQBvbm9fdHhuX2JpZDMgICBvbm9fdHhuX2ltcDIgICD8qM1c/clv1c_ek-wBPHXJbbQzo7jv87V7tr9Pm8mMtTuxD-yD4gIhIQNpOmjts1qYdvo04xh1AsyOUPHKGpZzumB4HoCJQorpNmGf5AfeRCXefML0kkPJzchIDu9pv3Wvf2_Je934kKw0yw_f7vircegZsGuwsgE44r7a9803VXOYoTwwncK1CYdWnI91gAvy_zA1jS3mTL2pBIM3gjbJ0BaXvD_u9AAsuyfM1ILBM_THKwYqhGdYYbSF4NbA4xsU_mOtd2EENx1nCcWmt2wiaKIb8nmGRt4X8LDeEK5QYAp7IJpKwYMWDpvwEzhCKTieFZhJpvTT1jGmBu7sLQ5wFgtrPCMp1JdK4xnXLVmF-6ta6J_edQPr4-l4PTUDPBpYkww068izD01EQIm2fXts041VUj9tEKTP0BttoKqxBAtTZAQ7veRictAG6rvaL2pAF838rpKJDCHmljIZ7Dws0X7dXxx66qOy5kll6XMco-GiTTggaroc8Jn7z0m7Ss-2afNms5pi66_5qhZoUNYlmkSkgh1jeHMZPPTnL_MziQa58ONC8mvhsmnVDh51qUGXRfC0hnK2hPYGJ8yNft29euVCDkpgGqIn6Gki9whubGT3PoM1LyBkEsw7390xufpPA38bwR1AuyIswq3eXqEfhvfR0MkCCYn1ujTn0vgpE07S_MvI68rV8HT8u9nOFFB2ROt4V3I2VpWq-e1133SuMfMoZp69uB55sBjqYhzmgRu-uW6YKx-sBkw4PXBvHVdO-_qm7vcaZjYyQW99VZiobr5zC1xLHHHmNnsFDZTEeIcMpW5c9BTcui-Xemd_GS1MTt1b-SzZYpBJIXxXO7Mb-0M6zMOw5kx6G1D7hEff57qNKTDGM55vcR3BkzGhk4F4zioIBSfyKfS1zMvDE42C-_k-DbdRrGsAFilwECUqn0uL-k0hfFFjHh_Dzj0apufR-GcoysQY-C1NRNIqV8N2OuvbPWyz8_krx8xdMv8lseZOsFBs4BlM4UxeBJ9tpj2JN2fYJVudebNX2pidWJcH8MmYYUt5L-c62471HmZY-t6CAYwTn_H8eYin6gDF6DIZ7T3xz-mAjUEK0J9Gl8kmaP3E8PWEBtwFY8AeZvFjr8Xiqm1kmuMz4oApPnjtR3XSG1U8Kfw1mU5yuj5IkrdjXNZ6AHqdUjnTE-jV7Lyk5z2m-M4golTjUDfw6Jw_ZxR1Z5kNleCjWC79MJerpAFq9OiItI4jHDRuCTowkH9j462JWfahIjC7XgmaDzTJKuL0KAPQdEsGSIn1nf6M7B9x_3yzJs2HD6SgCUywJLRmq09wSgmFucLKy5o6Hmv6PBFnwgOjLcTBj3pe9mSjD4623s-0EnWJrHqeErtcCiG3nLpsK6SbgPS206vpaqJa6cYufwP7sIY1aIh-ukQxrpCZ1kfZyZ1NaYd8dOPu5-B8n5BFqPfWh_6FxgjjRxkhWb9xHehbWed69OHVXNNNRaNSnxw30id7qcoohybn6ehTQKWwEpAnwZtEGuBl7SksZJXgZJ2wn2BIfPa0mv7j7WZ1H0XIHFQxxbyyNELPqnTSQdEKyYQpwvrMVyDiyJgJwFrfNlK_oBWBHOIphmuKeNI-jJWxkRqJaDd1Pj3LPRATN1dbAhs88WdzF6YwcjCNaWNxVeJ3FRR0YxsPoGyAA42k22le5Suh83W-Z_uwRI6pF6xhKbmdlyv-gLyPkmk3FDRXsr_MAIuOdl353MVMt4FUd3F/https://www.amazon.in/gp/aw/d/B0GK22XD58/?_encoding=UTF8&pd_rd_plhdr=t&aaxitk=8a688f7887565818bccccc013b38889a&hsa_cr_id=0&qid=1780676574&sr=1-2-dc1129fb-c8d4-4aec-832b-0226c0abeddd&aref=Y9ndZmXqmM&ref_=sbx_s_sparkle_sbtcd_asin_1_bkgd&pd_rd_w=QOlxP&content-id=amzn1.sym.8a57b97d-e631-43f3-bda6-83b652fe6439%3Aamzn1.sym.8a57b97d-e631-43f3-bda6-83b652fe6439&pf_rd_p=8a57b97d-e631-43f3-bda6-83b652fe6439&pf_rd_r=P2P91XEZBJ0CTK63950B&pd_rd_wg=3z2h0&pd_rd_r=aff9c05e-39b0-444d-96ac-45717beae8f0,3,wireless earphones,2026-06-05 21:52:57
B0FDKSMKPP,-76%,₹1099.00,4.3,4.3,https://aax-eu-zaz.amazon.in/x/c/JC8R0lhioGBe2zCslbKNQz4AAAGemJg_TgoAAAH2AQBvbm9fdHhuX2JpZDMgICBvbm9fdHhuX2ltcDIgICD8qM1c/clv1c_ek-wBPHXJbbQzo7jv87V7tr9Pm8mMtTuxD-yD4gIhIQNpOmjts1qYdvo04xh1AsyOUPHKGpZzumB4HoCJQorpNmGf5AfeRCXefML0kkPJzchIDu9pv3Wvf2_Je934kKw0yw_f7vircegZsGuwsgE44r7a9803VXOYoTwwncK1CYdWnI91gAvy_zA1jS3mTL2pBIM3gjbJ0BaXvD_u9AAsuyfM1ILBM_THKwYqhGdYYbSF4NbA4xsU_mOtd2EENx1nCcWmt2wiaKIb8nmGRt4X8LDeEK5QYAp7IJpKwYMWDpvwEzhCKTieFZhJpvTT1jGmBu7sLQ5wFgtrPCMp1JdK4xnXLVmF-6ta6J_edQPr4-l4PTUDPBpYkww068izD01EQIm2fXts041VUj9tEKTP0BttoKqxBAtTZAQ7veRictAG6rvaL2pAF838rpKJDCHmljIZ7Dws0X7dXxx66qOy5kll6XMco-GiTTggaroc8Jn7z0m7Ss-2afNms5pi66_5qhZoUNYlmkSkgh1jeHMZPPTnL_MziQa58ONC8mvhsmnVDh51qUGXRfC0hnK2hPYGJ8yNft29euVCDkpgGqIn6Gki9whubGT3PoM1LyBkEsw7390xufpPA38bwR1AuyIswq3eXqEfhvfR0MkCCYn1ujTn0vgpE07S_MvI68rV8HT8u9nOFFB2ROt4V3I2VpWq-e1133SuMfMoZp69uB55sBjqYhzmgRu-uW6YKx-sBkw4PXBvHVdO-_qm7vcaZjYyQW99VZiobr5zC1xLHHHmNnsFDZTEeIcMpW5c9BTcui-Xemd_GS1MTt1b-SzZYpBJIXxXO7Mb-0M6zMOw5kx6G1D7hEff57qNKTDGM55vcR3BkzGhk4F4zioIBSfyKfS1zMvDE42C-_k-DbdRrGsAFilwECUqn0uL-k0hfFFjHh_Dzj0apufR-GcoysQY-C1NRNIqV8N2OuvbPWyz8_krx8xdMv8lseZOsFBs4BlM4UxeBJ9tpj2JN2fYJVudebNX2pidWJcH8MmYYUt5L-c62471HmZY-t6CAYwTn_H8eYin6gDF6DIZ7T3xz-mAjUEK0J9Gl8kmaP3E8PWEBtwFY8AeZvFjr8Xiqm1kmuMz4oApPnjtR3XSG1U8Kfw1mU5yuj5IkrdjXNZ6AHqdUjnTE-jV7Lyk5z2m-M4golTjUDfw6Jw_ZxR1Z5kNleCjWC79MJerpAFq9OiItI4jHDRuCTowkH9j462JWfahIjC7XgmaDzTJKuL0KAPQdEsGSIn1nf6M7B9x_3yzJs2HD6SgCUywJLRmq09wSgmFucLKy5o6Hmv6PBFnwgOjLcTBj3pe9mSjD4623s-0EnWJrHqeErtcCiG3nLpsK6SbgPS206vpaqJa6cYufwP7sIY1aIh-ukQxrpCZ1kfZyZ1NaYd8dOPu5-B8n5BFqPfWh_6FxgjjRxkhWb9xHehbWed69OHVXNNNRaNSnxw30id7qcoohybn6ehTQKWwEpAnwZtEGuBl7SksZJXgZJ2wn2BIfPa0mv7j7WZ1H0XIHFQxxbyyNELPqnTSQdEKyYQpwvrMVyDiyJgJwFrfNlK_oBWBHOIphmuKeNI-jJWxkRqJaDd1Pj3LPRATN1dbAhs88WdzF6YwcjCNaWNxVeJ3FRR0YxsPoGyAA42k22le5Suh83W-Z_uwRI6pF6xhKbmdlyv-gLyPkmk3FDRXsr_MAIuOdl353MVMt4FUd3F/https://www.amazon.in/gp/aw/d/B0FDKSMKPP/?_encoding=UTF8&pd_rd_plhdr=t&aaxitk=8a688f7887565818bccccc013b38889a&hsa_cr_id=0&qid=1780676574&sr=1-3-dc1129fb-c8d4-4aec-832b-0226c0abeddd&aref=Y9ndZmXqmM&ref_=sbx_s_sparkle_sbtcd_asin_2_bkgd&pd_rd_w=QOlxP&content-id=amzn1.sym.8a57b97d-e631-43f3-bda6-83b652fe6439%3Aamzn1.sym.8a57b97d-e631-43f3-bda6-83b652fe6439&pf_rd_p=8a57b97d-e631-43f3-bda6-83b652fe6439&pf_rd_r=P2P91XEZBJ0CTK63950B&pd_rd_wg=3z2h0&pd_rd_r=aff9c05e-39b0-444d-96ac-45717beae8f0,3,wireless earphones,2026-06-05 21:52:57
B0GN73QQFF,"Portronics Harmonics Z12 in Ear Bluetooth Neckband with Metallic Built & Hall Switch(ON/OFF),Upto 35 Hours Playtime, Gaming/Music Mode, Low Latency, Bluetooth Version 5.3V, Type C Fast Charging(Black)",₹799.00,4.3,(32),https://www.amazon.in/sspa/click?ie=UTF8&spc=MTo2ODI3OTI2Njk2NjQ2MzU3OjE3ODA2NzY1NzQ6c3BfYXRmX25leHQ6MzAwOTk3ODgyNzQ2MTMyOjowOjo&url=%2FPortronics-Harmonics-Bluetooth-Neckband-Metallic%2Fdp%2FB0GN73QQFF%2Fref%3Dsr_1_33_sspa%3Fdib%3DeyJ2IjoiMSJ9.0m2xLPe6s1aYIL-2B3sBOsJ9ZgTHS-LTv4mVLQocH68oN5-TmFA5Hl9sf-vhdUL7Qgy4A0AHKZXwUOQ8Exlx1DCTzyb8FoKwrA8-Zv-EhQu_TJB636XP7lJVj0llfBuPIqFBvq3r-74tMZZ0ZfNL25BsvfhruZ4V_kO_ZiVhTgLWSIpIiGrlKubwpj3T-k8PNeGqIV7doL3-dRM7P5OpMHceugOvqxffJGLuIFjV2nU.NIlZb4X6IKZnJV07qtOV-nqgB9_l4T-tNXDBKPF925Q%26dib_tag%3Dse%26keywords%3Dwireless%2Bearphones%26qid%3D1780676574%26aref%3D0rYVwKorX3%26sp_csd%3Dd2lkZ2V0TmFtZT1zcF9hdGZfbmV4dA%26psc%3D1&aref=0rYVwKorX3&sp_cr=ZAZ,3,wireless earphones,2026-06-05 21:52:57
B0FN7L9JQ1,"Noise Buds N2 Pro Truly Wireless Earbuds with ANC (Up to 32dB), 70H Playtime, Dual Pairing, InstaCharge (10 Min = 200 Min), Bluetooth v6.0, Metallic Finish – Lunar Silver",₹1799.00,3.8,(8.6K),https://www.amazon.in/sspa/click?ie=UTF8&spc=MTo2ODI3OTI2Njk2NjQ2MzU3OjE3ODA2NzY1NzQ6c3BfYXRmX25leHQ6MzAwODg4MjQxMzI3NzMyOjowOjo&url=%2FNoise-Launched-Wireless-Metallic-Instacharge%2Fdp%2FB0FN7L9JQ1%2Fref%3Dsr_1_34_sspa%3Fdib%3DeyJ2IjoiMSJ9.0m2xLPe6s1aYIL-2B3sBOsJ9ZgTHS-LTv4mVLQocH68oN5-TmFA5Hl9sf-vhdUL7Qgy4A0AHKZXwUOQ8Exlx1DCTzyb8FoKwrA8-Zv-EhQu_TJB636XP7lJVj0llfBuPIqFBvq3r-74tMZZ0ZfNL25BsvfhruZ4V_kO_ZiVhTgLWSIpIiGrlKubwpj3T-k8PNeGqIV7doL3-dRM7P5OpMHceugOvqxffJGLuIFjV2nU.NIlZb4X6IKZnJV07qtOV-nqgB9_l4T-tNXDBKPF925Q%26dib_tag%3Dse%26keywords%3Dwireless%2Bearphones%26qid%3D1780676574%26aref%3DlL4d6PlO73%26sp_csd%3Dd2lkZ2V0TmFtZT1zcF9hdGZfbmV4dA%26psc%3D1&aref=lL4d6PlO73&sp_cr=ZAZ,3,wireless earphones,2026-06-05 21:52:57
B0F5427M18,"Wireless BT 330 for Sony Xperia 10 V Original Bluetooth CV Wireless Earphone with Deep Bass and Neckband Hands-Free Calling inbuilt with Mic,Hands-Free Call/Music (330W,SA2A,BLK)",₹499.00,N/A,N/A,https://www.amazon.in/Sony-Xperia-10-Bluetooth-Hands-Free/dp/B0F5427M18/ref=sr_1_35?dib=eyJ2IjoiMSJ9.0m2xLPe6s1aYIL-2B3sBOsJ9ZgTHS-LTv4mVLQocH68oN5-TmFA5Hl9sf-vhdUL7Qgy4A0AHKZXwUOQ8Exlx1DCTzyb8FoKwrA8-Zv-EhQu_TJB636XP7lJVj0llfBuPIqFBvq3r-74tMZZ0ZfNL25BsvfhruZ4V_kO_ZiVhTgLWSIpIiGrlKubwpj3T-k8PNeGqIV7doL3-dRM7P5OpMHceugOvqxffJGLuIFjV2nU.NIlZb4X6IKZnJV07qtOV-nqgB9_l4T-tNXDBKPF925Q&dib_tag=se&keywords=wireless+earphones&qid=1780676574,3,wireless earphones,2026-06-05 21:52:57
B0GTG3J2V9,"Earbuds for One-Plus Nord 3 5G Earbuds Original Like True Wireless Bluetooth in-Ear Headphones Earphones TWS with Mic, Touch Controls, Deep Bass, Sports (54 Hours Case, OPB3R1)",₹679.00,N/A,N/A,https://www.amazon.in/Nord-5G-Bluetooth-Headphones-Earphones/dp/B0GTG3J2V9/ref=sr_1_36?dib=eyJ2IjoiMSJ9.0m2xLPe6s1aYIL-2B3sBOsJ9ZgTHS-LTv4mVLQocH68oN5-TmFA5Hl9sf-vhdUL7Qgy4A0AHKZXwUOQ8Exlx1DCTzyb8FoKwrA8-Zv-EhQu_TJB636XP7lJVj0llfBuPIqFBvq3r-74tMZZ0ZfNL25BsvfhruZ4V_kO_ZiVhTgLWSIpIiGrlKubwpj3T-k8PNeGqIV7doL3-dRM7P5OpMHceugOvqxffJGLuIFjV2nU.NIlZb4X6IKZnJV07qtOV-nqgB9_l4T-tNXDBKPF925Q&dib_tag=se&keywords=wireless+earphones&qid=1780676574,3,wireless earphones,2026-06-05 21:52:57
B0DGPRGP3S,"M19 True Wireless Earbuds with Compatible Bluetooth V5.1, Waterproof Bluetooth Earphones with Mic, Noise-Cancellation, Auto Pairing Bluetooth Headset Pack of 1 - Black",₹599.00,2.5,(3),https://www.amazon.in/Bon-Amis-Compatible-Waterproof-Noise-Cancellation/dp/B0DGPRGP3S/ref=sr_1_37?dib=eyJ2IjoiMSJ9.0m2xLPe6s1aYIL-2B3sBOsJ9ZgTHS-LTv4mVLQocH68oN5-TmFA5Hl9sf-vhdUL7Qgy4A0AHKZXwUOQ8Exlx1DCTzyb8FoKwrA8-Zv-EhQu_TJB636XP7lJVj0llfBuPIqFBvq3r-74tMZZ0ZfNL25BsvfhruZ4V_kO_ZiVhTgLWSIpIiGrlKubwpj3T-k8PNeGqIV7doL3-dRM7P5OpMHceugOvqxffJGLuIFjV2nU.NIlZb4X6IKZnJV07qtOV-nqgB9_l4T-tNXDBKPF925Q&dib_tag=se&keywords=wireless+earphones&qid=1780676574,3,wireless earphones,2026-06-05 21:52:57
B0GF7M1X2N,"GOBOULT Tenet TWS Earbuds with 75H Playtime, Amp App Support, Quad Mic ENC, Dual Device Pairing Buds, 13mm Driver Ear Buds, Bluetooth 5.4 Wireless Earbuds (Turbo Orange)",₹1499.00,4.0,(978),https://www.amazon.in/sspa/click?ie=UTF8&spc=MTo1Mjk4NDQyMzYxMjA3MjcxOjE3ODA2NzY1NzU6c3Bfc2VhcmNoX3RoZW1hdGljOjMwMDkxNjAwMzcxNzUzMjo6MDo6&url=%2FGOBOULT-Earbuds-Playtime-Bluetooth-Wireless%2Fdp%2FB0GF7M1X2N%2Fref%3Dsxin_13_pa_sp_search_thematic_sspa%3Fcontent-id%3Damzn1.sym.c007a59b-1788-4f64-b1ed-4d72476022eb%253Aamzn1.sym.c007a59b-1788-4f64-b1ed-4d72476022eb%26cv_ct_cx%3Dwireless%2Bearphones%26keywords%3Dwireless%2Bearphones%26pd_rd_i%3DB0GF7M1X2N%26pd_rd_r%3Dfc3a2086-e2fd-48d9-8f3c-a9bd73ea7a7d%26pd_rd_w%3DQvAzI%26pd_rd_wg%3D43UbE%26pf_rd_p%3Dc007a59b-1788-4f64-b1ed-4d72476022eb%26pf_rd_r%3DP2P91XEZBJ0CTK63950B%26qid%3D1780676574%26sbo%3DRZvfv%252F%252FHxDF%252BO5021pAnSA%253D%253D%26sr%3D1-33-2ec22325-1003-449d-8aaf-c0bcc24717ae-spons%26aref%3D53l9eu903r%26sp_csd%3Dd2lkZ2V0TmFtZT1zcF9zZWFyY2hfdGhlbWF0aWM%26psc%3D1&aref=53l9eu903r&sp_cr=ZAZ,3,wireless earphones,2026-06-05 21:52:57
B0GM14V1X6,"GOBOULT Mustang Sprint in Ear Earbuds with 60H Playtime, Amp App Support, 32dB Active Noise Cancellation, Quad Mic ENC, Dual Device Pairing, 10mm Drivers, BTv 6.0 TWS (Neon Green)",₹1799.00,4.1,(517),https://www.amazon.in/sspa/click?ie=UTF8&spc=MTo1Mjk4NDQyMzYxMjA3MjcxOjE3ODA2NzY1NzU6c3Bfc2VhcmNoX3RoZW1hdGljOjMwMTA5MDIwNjY3MDEzMjo6MTo6&url=%2FGOBOULT-Mustang-Earbuds-Playtime-Cancellation%2Fdp%2FB0GM14V1X6%2Fref%3Dsxin_13_pa_sp_search_thematic_sspa%3Fcontent-id%3Damzn1.sym.c007a59b-1788-4f64-b1ed-4d72476022eb%253Aamzn1.sym.c007a59b-1788-4f64-b1ed-4d72476022eb%26cv_ct_cx%3Dwireless%2Bearphones%26keywords%3Dwireless%2Bearphones%26pd_rd_i%3DB0GM14V1X6%26pd_rd_r%3Dfc3a2086-e2fd-48d9-8f3c-a9bd73ea7a7d%26pd_rd_w%3DQvAzI%26pd_rd_wg%3D43UbE%26pf_rd_p%3Dc007a59b-1788-4f64-b1ed-4d72476022eb%26pf_rd_r%3DP2P91XEZBJ0CTK63950B%26qid%3D1780676574%26sbo%3DRZvfv%252F%252FHxDF%252BO5021pAnSA%253D%253D%26sr%3D1-34-2ec22325-1003-449d-8aaf-c0bcc24717ae-spons%26aref%3DjgJoDpy0ns%26sp_csd%3Dd2lkZ2V0TmFtZT1zcF9zZWFyY2hfdGhlbWF0aWM%26psc%3D1&aref=jgJoDpy0ns&sp_cr=ZAZ,3,wireless earphones,2026-06-05 21:52:57
B0G43D2S3L,"GOBOULT Raven in Ear TWS Earbuds with 70H Playtime, App Support, Quad Mic ENC, 50ms Ultra Low Latency, Dual Device Pairing, 10mm Driver, BTv 5.4 Wireless Earbuds (Champagne)",₹1299.00,4.0,(4.6K),https://www.amazon.in/sspa/click?ie=UTF8&spc=MTo1Mjk4NDQyMzYxMjA3MjcxOjE3ODA2NzY1NzU6c3Bfc2VhcmNoX3RoZW1hdGljOjMwMDg4NzE4MDUyMDIzMjo6Mjo6&url=%2FGOBOULT-Earbuds-Playtime-Wireless-Champagne%2Fdp%2FB0G43D2S3L%2Fref%3Dsxin_13_pa_sp_search_thematic_sspa%3Fcontent-id%3Damzn1.sym.c007a59b-1788-4f64-b1ed-4d72476022eb%253Aamzn1.sym.c007a59b-1788-4f64-b1ed-4d72476022eb%26cv_ct_cx%3Dwireless%2Bearphones%26keywords%3Dwireless%2Bearphones%26pd_rd_i%3DB0G43D2S3L%26pd_rd_r%3Dfc3a2086-e2fd-48d9-8f3c-a9bd73ea7a7d%26pd_rd_w%3DQvAzI%26pd_rd_wg%3D43UbE%26pf_rd_p%3Dc007a59b-1788-4f64-b1ed-4d72476022eb%26pf_rd_r%3DP2P91XEZBJ0CTK63950B%26qid%3D1780676574%26sbo%3DRZvfv%252F%252FHxDF%252BO5021pAnSA%253D%253D%26sr%3D1-35-2ec22325-1003-449d-8aaf-c0bcc24717ae-spons%26aref%3DjByzJeaL5V%26sp_csd%3Dd2lkZ2V0TmFtZT1zcF9zZWFyY2hfdGhlbWF0aWM%26psc%3D1&aref=jByzJeaL5V&sp_cr=ZAZ,3,wireless earphones,2026-06-05 21:52:57
B0CQ4MMP63,"GOBOULT Astra Truly Wireless in Ear Earbuds with 48H Playtime, Built-in App Support, 45ms Low Latency Gaming, 4 Mics ENC, Breathing LEDs,13mm Bass Drivers, TWS Ear Buds",₹1299.00,4.1,(991),https://www.amazon.in/sspa/click?ie=UTF8&spc=MTo1Mjk4NDQyMzYxMjA3MjcxOjE3ODA2NzY1NzU6c3Bfc2VhcmNoX3RoZW1hdGljOjMwMDU4MjQ3Nzc2MzMzMjo6Mzo6&url=%2FBoult-Launched-Wireless-Breathing-Bluetooth%2Fdp%2FB0CQ4MMP63%2Fref%3Dsxin_13_pa_sp_search_thematic_sspa%3Fcontent-id%3Damzn1.sym.c007a59b-1788-4f64-b1ed-4d72476022eb%253Aamzn1.sym.c007a59b-1788-4f64-b1ed-4d72476022eb%26cv_ct_cx%3Dwireless%2Bearphones%26keywords%3Dwireless%2Bearphones%26pd_rd_i%3DB0CQ4MMP63%26pd_rd_r%3Dfc3a2086-e2fd-48d9-8f3c-a9bd73ea7a7d%26pd_rd_w%3DQvAzI%26pd_rd_wg%3D43UbE%26pf_rd_p%3Dc007a59b-1788-4f64-b1ed-4d72476022eb%26pf_rd_r%3DP2P91XEZBJ0CTK63950B%26qid%3D1780676574%26sbo%3DRZvfv%252F%252FHxDF%252BO5021pAnSA%253D%253D%26sr%3D1-36-2ec22325-1003-449d-8aaf-c0bcc24717ae-spons%26aref%3DUPLaONF73A%26sp_csd%3Dd2lkZ2V0TmFtZT1zcF9zZWFyY2hfdGhlbWF0aWM%26psc%3D1&aref=UPLaONF73A&sp_cr=ZAZ,3,wireless earphones,2026-06-05 21:52:57
B0G2GGLTMF,Mivi DuoPods Sync in Ear Earbuds | 60H Playtime Bluetooth Earphones Wireless | Earbuds ENC for Clear Calls | 13mm Drivers Ear Buds Wireless | Gaming Mode | BT 5.3 TWS ENC Earbuds Style | Earpods,₹899.00,4.2,(779),https://www.amazon.in/sspa/click?ie=UTF8&spc=MTo1Mjk4NDQyMzYxMjA3MjcxOjE3ODA2NzY1NzU6c3Bfc2VhcmNoX3RoZW1hdGljOjMwMDg3NjY5NjcyMTczMjo6NDo6&url=%2FMivi-Playtime-Bluetooth-Earphones-Wireless%2Fdp%2FB0G2GGLTMF%2Fref%3Dsxin_13_pa_sp_search_thematic_sspa%3Fcontent-id%3Damzn1.sym.c007a59b-1788-4f64-b1ed-4d72476022eb%253Aamzn1.sym.c007a59b-1788-4f64-b1ed-4d72476022eb%26cv_ct_cx%3Dwireless%2Bearphones%26keywords%3Dwireless%2Bearphones%26pd_rd_i%3DB0G2GGLTMF%26pd_rd_r%3Dfc3a2086-e2fd-48d9-8f3c-a9bd73ea7a7d%26pd_rd_w%3DQvAzI%26pd_rd_wg%3D43UbE%26pf_rd_p%3Dc007a59b-1788-4f64-b1ed-4d72476022eb%26pf_rd_r%3DP2P91XEZBJ0CTK63950B%26qid%3D1780676574%26sbo%3DRZvfv%252F%252FHxDF%252BO5021pAnSA%253D%253D%26sr%3D1-37-2ec22325-1003-449d-8aaf-c0bcc24717ae-spons%26aref%3DoewpQ7qVXo%26sp_csd%3Dd2lkZ2V0TmFtZT1zcF9zZWFyY2hfdGhlbWF0aWM%26psc%3D1&aref=oewpQ7qVXo&sp_cr=ZAZ,3,wireless earphones,2026-06-05 21:52:57
B0F1YCF29P,"truke New Launch Crystal Dyno Leather Finish True Wireless in Ear Earbuds w/Spatial Audio, 70H Battery Rapid Charge Ear Buds, 13mm Driver HiFi Sound TWS, 40ms Ultra Low Latency, 4Mics ENC - OakBrown",₹999.00,4,4,https://sponsored-ads.amazon.in/clk/?_encoding=UTF8&p=eAFVkM1u00AAhBWqQgl_VQ5FygkFKYdIG_-v41QWsp0f3CKnTZpCcrHW64291FlvvG5T9ZAX4IKExGPwLHBH8Agc4YhEChJzGmm-0UhTxXvff7z7crf2yFGVs6PxdBrox8PzRkVrHSwIo9chnVyiVWZBf8STFL3KugcjNn8dvUXHUTyf5MubnqIEjpWMH6g6bOuwrapteX5n4kZ7Tv_sZX_sT2pPq_diIi7KnNceToNx3xsNA3_e79XfV6rPb5NQEFTgNOSkwHmGShJSllFGwqhc1O6jJbrJWZuy-jMRAZwhISgG2wrYgoCrgGeXorFLWOgHLUNEoEzJksQA51lGcElzBq5UcDsIMCpiATiirCQFwDkrCSsbsFqR9z___PXt66de_fFfdjvReKLJsqxbCrQUaOoaVHf8YNzd8U681qh22HMdjw98YDobd7VV4mzc0-wNgsL5Xxs32binG9f5Y5L6vpf0r4dHV9ihXr50dVv9WKl-qKRlyUVXktbrdfvfB1LCJbSWYsmVB8rMG6jWyQseh0Uc8iyNC7tspgKFuAhpbMvNFY1txezI0ISGaTRFYStAAVAzTQt2OkAzOyrQ5Y4OkG5AgBcaNExkIILkJrURF01UkIXNR2Qyg-cXfPYb-6mz_w&v=c1&r=https%3A%2F%2Fwww.amazon.in%2Fgp%2Faw%2Fd%2FB0F1YCF29P%3Fpd_rd_plhdr%3Dt%26hsa_cr_id%3D0%26qid%3D1780676575%26sr%3D1-1-63779688-3782-4084-a456-cf3657a5aea0%26i%3Daps%26aref%3DpOeSY6VkpY&ref_=sbx__sbtcd2_asin_0_bkgd&pd_rd_w=2hmHi&content-id=amzn1.sym.85e4a242-2b71-46f4-80a0-03f20b779d0e%3Aamzn1.sym.85e4a242-2b71-46f4-80a0-03f20b779d0e&pf_rd_p=85e4a242-2b71-46f4-80a0-03f20b779d0e&pf_rd_r=P2P91XEZBJ0CTK63950B&pd_rd_wg=43UbE&pd_rd_r=fc3a2086-e2fd-48d9-8f3c-a9bd73ea7a7d,3,wireless earphones,2026-06-05 21:52:57
B0F1Y8MDHM,"truke New Launch Crystal Dyno Leather Finish True Wireless in Ear Earbuds w/Spatial Audio, 70H Battery Rapid Charge Ear Buds, 13mm Driver HiFi Sound TWS, 40ms Ultra Low Latency, 4Mics ENC -ArcticBlue",₹899.00,4,4,https://sponsored-ads.amazon.in/clk/?_encoding=UTF8&p=eAFVkM1u00AAhBUqoIS_Koci5YSClEOkjf_XTioL2U6auqUOTZpCcrHW6429rWNvvNum6iEvwAUJicfgWeCO4BE4whGJFCTmNNJ8o5Gmire__3j35V7tsaMqp4ejySTQjwZnjYrW2p2TnF6HdHyJllkH-kOWpOhV1t0d5rM30Tk6iuLZuFjc9BQlcDrJ6KGqw7YO26ralmd3xm607fRPD_ojf1x7Vr0fE34hClZ7NAlGfW84CPxZv1d_X6m-uE1CTlCJ05CREhcZEiSkeUZzEkZiXnuAFuimyNs0rz_nEcAZ4pxisKmADQiYClh2yRt3SR76QcvgERApWZAY4CLLCBa0yMGVCm4HAUZlzAFDNBekBLjIBclFA1Yr8s7nn7--ff3Uqz_5y24mGk81WZb1jgI7CjR1DapbfjDqbnmvvdawttdzHY_t-8B01u5yo8RZuyfZWwS587_WbrJ2T9au88ck9R0v6V8PDq-wQ71i4eq2-rFS_VBJhWC8K0mr1ar97wMpYRJaSbHkyvvK1DruHRy_ZHFYxiHL0ri0RTPlKMRlSGNbbi5pbCumJUMTGqbR5KWtABVAzTQ70LKAZloq0GVLB0g3IMBzDRomMhBBcpPaiPEmKsncZkMynsKzCzb9DQcItBo&v=c1&r=https%3A%2F%2Fwww.amazon.in%2Fgp%2Faw%2Fd%2FB0F1Y8MDHM%3Fpd_rd_plhdr%3Dt%26hsa_cr_id%3D0%26qid%3D1780676575%26sr%3D1-2-63779688-3782-4084-a456-cf3657a5aea0%26i%3Daps%26aref%3DpOeSY6VkpY&ref_=sbx__sbtcd2_asin_1_bkgd&pd_rd_w=2hmHi&content-id=amzn1.sym.85e4a242-2b71-46f4-80a0-03f20b779d0e%3Aamzn1.sym.85e4a242-2b71-46f4-80a0-03f20b779d0e&pf_rd_p=85e4a242-2b71-46f4-80a0-03f20b779d0e&pf_rd_r=P2P91XEZBJ0CTK63950B&pd_rd_wg=43UbE&pd_rd_r=fc3a2086-e2fd-48d9-8f3c-a9bd73ea7a7d,3,wireless earphones,2026-06-05 21:52:57
B0F1YBRRMR,"truke New Launch Crystal Dyno Leather Finish True Wireless in Ear Earbuds w/Spatial Audio, 70H Battery Fast Charge Ear Buds, 13mm Driver HiFi Sound TWS, 40ms Ultra Low Latency, 4Mics ENC- RavenBlack",₹899.00,4,4,https://sponsored-ads.amazon.in/clk/?_encoding=UTF8&p=eAFVkM1u00AAhBUqoIS_yoci5YSClEOkjf_XSZCFbCcNbsGhTlNILtZ6vbGXOuuN122qHvICXJCQeAyeBe4IHoEjHJFIQWJOI803GmnqePf7j3dfbkn3HU09OQyn08A4Gp02a3p7f0EYvYzo5Byt8h70xzzN0Iu8vz9m89fxW3QUJ_NJsbwaqGrg9NLwrmbAjgE7mtZR5jcmbrzrDE-eD0N_Ij2q306IOKsKLt2bBuHQG48Cfz4cNN7X6k-uk0gQVOIs4qTERY4qElGWU0aiuFpId9ASXRWsQ1njsYgBzpEQFINtBWxBwDXA83PRvElY5AdtU8SgysiSJAAXeU5wRQsGLjRwPQgwKhMBOKKsIiXABasIq5qwXlP2Pv_89e3rp0HjwV92O9F8qCuKYvRU2FOhZehQ2_GDsL_jvfLaY-npwHU8fuADy9m4q61SZ-Me528QFM7_2rjpxj3euM4fkzb2vHR4OTq8wA71iqVr2NrHWv1DLasqLvqyvF6vO_8-kFMuo7WcyK5yoM7cMHwZPuNJVCYRz7OktKtWJlCEy4gmttJa0cRWra4CLWhaZkuUtgp0AHXL6sFuF-hWVwOG0jUAMkwI8EKHpoVMRJDSojbiooVKsrD5mExm8PSMz34DGBC0Qg&v=c1&r=https%3A%2F%2Fwww.amazon.in%2Fgp%2Faw%2Fd%2FB0F1YBRRMR%3Fpd_rd_plhdr%3Dt%26hsa_cr_id%3D0%26qid%3D1780676575%26sr%3D1-3-63779688-3782-4084-a456-cf3657a5aea0%26i%3Daps%26aref%3DpOeSY6VkpY&ref_=sbx__sbtcd2_asin_2_bkgd&pd_rd_w=2hmHi&content-id=amzn1.sym.85e4a242-2b71-46f4-80a0-03f20b779d0e%3Aamzn1.sym.85e4a242-2b71-46f4-80a0-03f20b779d0e&pf_rd_p=85e4a242-2b71-46f4-80a0-03f20b779d0e&pf_rd_r=P2P91XEZBJ0CTK63950B&pd_rd_wg=43UbE&pd_rd_r=fc3a2086-e2fd-48d9-8f3c-a9bd73ea7a7d,3,wireless earphones,2026-06-05 21:52:57
B096XNY7JC,Wireless Bluetooth Earphone Headphone for Calling & Music with mic & Warranty for All Android & Type C Smartphones iOS Devices,₹149.00,3.3,(16),https://www.amazon.in/Lowfe-Wireless-Bluetooth-Headphone-Smartphones/dp/B096XNY7JC/ref=sr_1_38?dib=eyJ2IjoiMSJ9.0m2xLPe6s1aYIL-2B3sBOsJ9ZgTHS-LTv4mVLQocH68oN5-TmFA5Hl9sf-vhdUL7Qgy4A0AHKZXwUOQ8Exlx1DCTzyb8FoKwrA8-Zv-EhQu_TJB636XP7lJVj0llfBuPIqFBvq3r-74tMZZ0ZfNL25BsvfhruZ4V_kO_ZiVhTgLWSIpIiGrlKubwpj3T-k8PNeGqIV7doL3-dRM7P5OpMHceugOvqxffJGLuIFjV2nU.NIlZb4X6IKZnJV07qtOV-nqgB9_l4T-tNXDBKPF925Q&dib_tag=se&keywords=wireless+earphones&qid=1780676574,3,wireless earphones,2026-06-05 21:52:57
B0FS1MBK6P,"Wireless Earbuds,Bluetooth 5.4 Headphones in Ear with Charging Case,HiFi Stereo Sound,IPX8 Waterproof Earphones,48H Playtime,Touch Control Wireless Headphones for iOS/iPhone/Android",₹4999.00,4.8,(632),https://www.amazon.in/Wireless-Bluetooth-Headphones-Waterproof-Earphones/dp/B0FS1MBK6P/ref=sr_1_39?dib=eyJ2IjoiMSJ9.0m2xLPe6s1aYIL-2B3sBOsJ9ZgTHS-LTv4mVLQocH68oN5-TmFA5Hl9sf-vhdUL7Qgy4A0AHKZXwUOQ8Exlx1DCTzyb8FoKwrA8-Zv-EhQu_TJB636XP7lJVj0llfBuPIqFBvq3r-74tMZZ0ZfNL25BsvfhruZ4V_kO_ZiVhTgLWSIpIiGrlKubwpj3T-k8PNeGqIV7doL3-dRM7P5OpMHceugOvqxffJGLuIFjV2nU.NIlZb4X6IKZnJV07qtOV-nqgB9_l4T-tNXDBKPF925Q&dib_tag=se&keywords=wireless+earphones&qid=1780676574,3,wireless earphones,2026-06-05 21:52:57
B0GTBP8Q58,"Earbuds for One-Plus Nord 2 Earbuds Original Like True Wireless Bluetooth in-Ear Headphones Earphones TWS with Mic, Touch Controls, Deep Bass, Sports (54 Hours Case, OPB3R1)",₹679.00,N/A,N/A,https://www.amazon.in/One-Plus-Nord-Bluetooth-Headphones-Earphones/dp/B0GTBP8Q58/ref=sr_1_40?dib=eyJ2IjoiMSJ9.0m2xLPe6s1aYIL-2B3sBOsJ9ZgTHS-LTv4mVLQocH68oN5-TmFA5Hl9sf-vhdUL7Qgy4A0AHKZXwUOQ8Exlx1DCTzyb8FoKwrA8-Zv-EhQu_TJB636XP7lJVj0llfBuPIqFBvq3r-74tMZZ0ZfNL25BsvfhruZ4V_kO_ZiVhTgLWSIpIiGrlKubwpj3T-k8PNeGqIV7doL3-dRM7P5OpMHceugOvqxffJGLuIFjV2nU.NIlZb4X6IKZnJV07qtOV-nqgB9_l4T-tNXDBKPF925Q&dib_tag=se&keywords=wireless+earphones&qid=1780676574,3,wireless earphones,2026-06-05 21:52:57
B0G59H2CWX,"Bluetooth Earphones for One-Plus Nord CE 3 Lite 5G Earphones Original Like Wireless Bluetooth Neckband in-Ear Headphones Headset with Mic, Deep Bass, Sports Earbuds (15 Hours, JO32)",₹499.00,2.4,(79),https://www.amazon.in/Nord-CE-Lite-5G-Headphones/dp/B0G59H2CWX/ref=sr_1_41?dib=eyJ2IjoiMSJ9.0m2xLPe6s1aYIL-2B3sBOsJ9ZgTHS-LTv4mVLQocH68oN5-TmFA5Hl9sf-vhdUL7Qgy4A0AHKZXwUOQ8Exlx1DCTzyb8FoKwrA8-Zv-EhQu_TJB636XP7lJVj0llfBuPIqFBvq3r-74tMZZ0ZfNL25BsvfhruZ4V_kO_ZiVhTgLWSIpIiGrlKubwpj3T-k8PNeGqIV7doL3-dRM7P5OpMHceugOvqxffJGLuIFjV2nU.NIlZb4X6IKZnJV07qtOV-nqgB9_l4T-tNXDBKPF925Q&dib_tag=se&keywords=wireless+earphones&qid=1780676574,3,wireless earphones,2026-06-05 21:52:57
B0GW34R1K6,"Walta Zoom Y12 Wireless Bluetooth Neckband Earphones with ENC Noise Cancellation, 13mm Bass Driver, Fast Charging in-Ear Headset, 12H Playback, 180H Standby, Magnetic Earbuds, Sports Neckband",₹239.00,N/A,N/A,https://www.amazon.in/Walta-Zoom-Y12-Bluetooth-Cancellation/dp/B0GW34R1K6/ref=sr_1_42?dib=eyJ2IjoiMSJ9.0m2xLPe6s1aYIL-2B3sBOsJ9ZgTHS-LTv4mVLQocH68oN5-TmFA5Hl9sf-vhdUL7Qgy4A0AHKZXwUOQ8Exlx1DCTzyb8FoKwrA8-Zv-EhQu_TJB636XP7lJVj0llfBuPIqFBvq3r-74tMZZ0ZfNL25BsvfhruZ4V_kO_ZiVhTgLWSIpIiGrlKubwpj3T-k8PNeGqIV7doL3-dRM7P5OpMHceugOvqxffJGLuIFjV2nU.NIlZb4X6IKZnJV07qtOV-nqgB9_l4T-tNXDBKPF925Q&dib_tag=se&keywords=wireless+earphones&qid=1780676574,3,wireless earphones,2026-06-05 21:52:57
B0FN4PRV3X,"Kraken X1 Plus True Wireless Earbuds, 10mm Driver, Deep Bass, 70 Hours Battery, Fast Charging, Quad ENC,40ms Low Latency Gaming Mode, Dual Pairing, BT v5.3, IPX4,Touch Controls (Cobalt Mariner)",₹899.00,4.0,(180),https://www.amazon.in/sspa/click?ie=UTF8&spc=MTo2ODI3OTI2Njk2NjQ2MzU3OjE3ODA2NzY1NzQ6c3BfbXRmOjMwMDcyNDg2MDYyNzYzMjo6MDo6&url=%2FTRIGGR-Pairing-Battery-Bluetooth-Wireless%2Fdp%2FB0FN4PRV3X%2Fref%3Dsr_1_43_sspa%3Fdib%3DeyJ2IjoiMSJ9.0m2xLPe6s1aYIL-2B3sBOsJ9ZgTHS-LTv4mVLQocH68oN5-TmFA5Hl9sf-vhdUL7Qgy4A0AHKZXwUOQ8Exlx1DCTzyb8FoKwrA8-Zv-EhQu_TJB636XP7lJVj0llfBuPIqFBvq3r-74tMZZ0ZfNL25BsvfhruZ4V_kO_ZiVhTgLWSIpIiGrlKubwpj3T-k8PNeGqIV7doL3-dRM7P5OpMHceugOvqxffJGLuIFjV2nU.NIlZb4X6IKZnJV07qtOV-nqgB9_l4T-tNXDBKPF925Q%26dib_tag%3Dse%26keywords%3Dwireless%2Bearphones%26qid%3D1780676574%26aref%3D1ZYuzqbHc5%26sp_csd%3Dd2lkZ2V0TmFtZT1zcF9tdGY%26psc%3D1&aref=1ZYuzqbHc5&sp_cr=ZAZ,3,wireless earphones,2026-06-05 21:52:57
B0GQJ5B4F6,"Portronics Harmonics Y5 Bluetooth Wireless In Ear Earphone with strong Clip, Upto 24 Hour Playback,Dual Pairing, HD Clarity Mic, Transparent Design,Magnetic Buds, Bluetooth V6.0,Type C Charging(Black)",₹799.00,3.6,(8),https://www.amazon.in/sspa/click?ie=UTF8&spc=MTo2ODI3OTI2Njk2NjQ2MzU3OjE3ODA2NzY1NzQ6c3BfbXRmOjMwMDk5Nzg4Mjc0NTczMjo6MDo6&url=%2FPortronics-Harmonics-Bluetooth-Wireless-Transparent%2Fdp%2FB0GQJ5B4F6%2Fref%3Dsr_1_44_sspa%3Fdib%3DeyJ2IjoiMSJ9.0m2xLPe6s1aYIL-2B3sBOsJ9ZgTHS-LTv4mVLQocH68oN5-TmFA5Hl9sf-vhdUL7Qgy4A0AHKZXwUOQ8Exlx1DCTzyb8FoKwrA8-Zv-EhQu_TJB636XP7lJVj0llfBuPIqFBvq3r-74tMZZ0ZfNL25BsvfhruZ4V_kO_ZiVhTgLWSIpIiGrlKubwpj3T-k8PNeGqIV7doL3-dRM7P5OpMHceugOvqxffJGLuIFjV2nU.NIlZb4X6IKZnJV07qtOV-nqgB9_l4T-tNXDBKPF925Q%26dib_tag%3Dse%26keywords%3Dwireless%2Bearphones%26qid%3D1780676574%26aref%3DHgrswOyMqW%26sp_csd%3Dd2lkZ2V0TmFtZT1zcF9tdGY%26psc%3D1&aref=HgrswOyMqW&sp_cr=ZAZ,3,wireless earphones,2026-06-05 21:52:57
B0D9R45FMH,"Sony WF-C510 Wireless Bluetooth Earbuds with Mic, TWS, in Ear, Ambient Sound Mode, Small and Comfortable, IPX4, Quick Charge, Multipoint Connectivity, Customized EQ, Up to 22 Hours Battery- White",₹4990.00,4.1,(4.3K),https://www.amazon.in/Sony-WF-C510-Wireless-Bluetooth-Comfortable/dp/B0D9R45FMH/ref=sr_1_45?dib=eyJ2IjoiMSJ9.0m2xLPe6s1aYIL-2B3sBOsJ9ZgTHS-LTv4mVLQocH68oN5-TmFA5Hl9sf-vhdUL7Qgy4A0AHKZXwUOQ8Exlx1DCTzyb8FoKwrA8-Zv-EhQu_TJB636XP7lJVj0llfBuPIqFBvq3r-74tMZZ0ZfNL25BsvfhruZ4V_kO_ZiVhTgLWSIpIiGrlKubwpj3T-k8PNeGqIV7doL3-dRM7P5OpMHceugOvqxffJGLuIFjV2nU.NIlZb4X6IKZnJV07qtOV-nqgB9_l4T-tNXDBKPF925Q&dib_tag=se&keywords=wireless+earphones&qid=1780676574,3,wireless earphones,2026-06-05 21:52:57
B0F53ZZGLZ,"Wireless BT WA 330 for Samsung Galaxy S24 Ultra Original Sports Bluetooth CV Wireless Earphone with Deep Bass and Neckband Hands-Free Calling inbuilt with Mic,Hands-Free Call/Music (330W,SA2A,BLK)",₹499.00,N/A,N/A,https://www.amazon.in/Samsung-Galaxy-S24-Ultra-Hands-Free/dp/B0F53ZZGLZ/ref=sr_1_46?dib=eyJ2IjoiMSJ9.0m2xLPe6s1aYIL-2B3sBOsJ9ZgTHS-LTv4mVLQocH68oN5-TmFA5Hl9sf-vhdUL7Qgy4A0AHKZXwUOQ8Exlx1DCTzyb8FoKwrA8-Zv-EhQu_TJB636XP7lJVj0llfBuPIqFBvq3r-74tMZZ0ZfNL25BsvfhruZ4V_kO_ZiVhTgLWSIpIiGrlKubwpj3T-k8PNeGqIV7doL3-dRM7P5OpMHceugOvqxffJGLuIFjV2nU.NIlZb4X6IKZnJV07qtOV-nqgB9_l4T-tNXDBKPF925Q&dib_tag=se&keywords=wireless+earphones&qid=1780676574,3,wireless earphones,2026-06-05 21:52:57
B0G2HDSGNB,"Life Like Over-Ear Buds,Deep Bass Earphones with Earhooks,Fast Charge,Gym Running & Workout,Touch Control (Black)",₹825.00,5.0,(1),https://www.amazon.in/Life-Like-Over-Ear-Earphones-Earhooks/dp/B0G2HDSGNB/ref=sr_1_47?dib=eyJ2IjoiMSJ9.0m2xLPe6s1aYIL-2B3sBOsJ9ZgTHS-LTv4mVLQocH68oN5-TmFA5Hl9sf-vhdUL7Qgy4A0AHKZXwUOQ8Exlx1DCTzyb8FoKwrA8-Zv-EhQu_TJB636XP7lJVj0llfBuPIqFBvq3r-74tMZZ0ZfNL25BsvfhruZ4V_kO_ZiVhTgLWSIpIiGrlKubwpj3T-k8PNeGqIV7doL3-dRM7P5OpMHceugOvqxffJGLuIFjV2nU.NIlZb4X6IKZnJV07qtOV-nqgB9_l4T-tNXDBKPF925Q&dib_tag=se&keywords=wireless+earphones&qid=1780676574,3,wireless earphones,2026-06-05 21:52:57
B0GWRC62H7,"Buds 2a Wireless Earbuds Active Noise Cancelling 42dB Hybrid ANC Bluetooth Headphones, 12.4mm Dynamic Driver for Big Bass, 4 Mic Clear Call, Sport Ear Buds for Android, Light Grey",₹499.00,1.0,(2),https://www.amazon.in/2a-Wireless-Cancelling-Bluetooth-Headphones/dp/B0GWRC62H7/ref=sr_1_48?dib=eyJ2IjoiMSJ9.0m2xLPe6s1aYIL-2B3sBOsJ9ZgTHS-LTv4mVLQocH68oN5-TmFA5Hl9sf-vhdUL7Qgy4A0AHKZXwUOQ8Exlx1DCTzyb8FoKwrA8-Zv-EhQu_TJB636XP7lJVj0llfBuPIqFBvq3r-74tMZZ0ZfNL25BsvfhruZ4V_kO_ZiVhTgLWSIpIiGrlKubwpj3T-k8PNeGqIV7doL3-dRM7P5OpMHceugOvqxffJGLuIFjV2nU.NIlZb4X6IKZnJV07qtOV-nqgB9_l4T-tNXDBKPF925Q&dib_tag=se&keywords=wireless+earphones&qid=1780676574,3,wireless earphones,2026-06-05 21:52:57
B0H14QC6JB,"Wireless in - Ear Bluetooth Earbuds with Charging Case – Compact Design, Deep Bass & Clear Sound Blue, Black, White (White)",₹699.00,5.0,(3),https://www.amazon.in/NEXATECH-Wireless-Bluetooth-Earbuds-Charging/dp/B0H14QC6JB/ref=sr_1_49?dib=eyJ2IjoiMSJ9.0m2xLPe6s1aYIL-2B3sBOsJ9ZgTHS-LTv4mVLQocH68oN5-TmFA5Hl9sf-vhdUL7Qgy4A0AHKZXwUOQ8Exlx1DCTzyb8FoKwrA8-Zv-EhQu_TJB636XP7lJVj0llfBuPIqFBvq3r-74tMZZ0ZfNL25BsvfhruZ4V_kO_ZiVhTgLWSIpIiGrlKubwpj3T-k8PNeGqIV7doL3-dRM7P5OpMHceugOvqxffJGLuIFjV2nU.NIlZb4X6IKZnJV07qtOV-nqgB9_l4T-tNXDBKPF925Q&dib_tag=se&keywords=wireless+earphones&qid=1780676574,3,wireless earphones,2026-06-05 21:52:57
B0FXH7F72M,"Earbuds for Samsung Galaxy A36 5G / A 36 Earbuds Original Like True Wireless Bluetooth in-Ear Headphones Earphones TWS with Mic, Touch Controls, Deep Bass, Sports (30 Hours Case, YB)",₹599.00,1.0,(1),https://www.amazon.in/Samsung-Galaxy-A36-5G-Headphones/dp/B0FXH7F72M/ref=sr_1_50?dib=eyJ2IjoiMSJ9.0m2xLPe6s1aYIL-2B3sBOsJ9ZgTHS-LTv4mVLQocH68oN5-TmFA5Hl9sf-vhdUL7Qgy4A0AHKZXwUOQ8Exlx1DCTzyb8FoKwrA8-Zv-EhQu_TJB636XP7lJVj0llfBuPIqFBvq3r-74tMZZ0ZfNL25BsvfhruZ4V_kO_ZiVhTgLWSIpIiGrlKubwpj3T-k8PNeGqIV7doL3-dRM7P5OpMHceugOvqxffJGLuIFjV2nU.NIlZb4X6IKZnJV07qtOV-nqgB9_l4T-tNXDBKPF925Q&dib_tag=se&keywords=wireless+earphones&qid=1780676574,3,wireless earphones,2026-06-05 21:52:57
B0GG4VMF69,"Earbuds for Motorola Edge 60 Fusion Earbuds Original Like True Wireless Bluetooth in-Ear Headphones Earphones TWS with Mic, Touch Controls, Deep Bass, Sports (38 Hours Case, OPBR2-50)",₹690.00,2.0,(3),https://www.amazon.in/Motorola-Edge-60-Fusion-Headphones/dp/B0GG4VMF69/ref=sr_1_51?dib=eyJ2IjoiMSJ9.0m2xLPe6s1aYIL-2B3sBOsJ9ZgTHS-LTv4mVLQocH68oN5-TmFA5Hl9sf-vhdUL7Qgy4A0AHKZXwUOQ8Exlx1DCTzyb8FoKwrA8-Zv-EhQu_TJB636XP7lJVj0llfBuPIqFBvq3r-74tMZZ0ZfNL25BsvfhruZ4V_kO_ZiVhTgLWSIpIiGrlKubwpj3T-k8PNeGqIV7doL3-dRM7P5OpMHceugOvqxffJGLuIFjV2nU.NIlZb4X6IKZnJV07qtOV-nqgB9_l4T-tNXDBKPF925Q&dib_tag=se&keywords=wireless+earphones&qid=1780676574,3,wireless earphones,2026-06-05 21:52:57
B0GSK5N8NZ,"Earbuds for One-Plus Nord CE 4 5G Earbuds Original Like True Wireless Bluetooth in-Ear Headphones Earphones TWS with Mic, Touch Controls, Deep Bass, Sports (38 Hours Case, OPBR52)",₹690.00,N/A,N/A,https://www.amazon.in/SHOPFAST-Nord-CE-5G-Headphones/dp/B0GSK5N8NZ/ref=sr_1_52?dib=eyJ2IjoiMSJ9.0m2xLPe6s1aYIL-2B3sBOsJ9ZgTHS-LTv4mVLQocH68oN5-TmFA5Hl9sf-vhdUL7Qgy4A0AHKZXwUOQ8Exlx1DCTzyb8FoKwrA8-Zv-EhQu_TJB636XP7lJVj0llfBuPIqFBvq3r-74tMZZ0ZfNL25BsvfhruZ4V_kO_ZiVhTgLWSIpIiGrlKubwpj3T-k8PNeGqIV7doL3-dRM7P5OpMHceugOvqxffJGLuIFjV2nU.NIlZb4X6IKZnJV07qtOV-nqgB9_l4T-tNXDBKPF925Q&dib_tag=se&keywords=wireless+earphones&qid=1780676574,3,wireless earphones,2026-06-05 21:52:57
B0FVS76HKH,"Fire-Boltt Aero TWS Earbuds Custom EQ, Wireless Bluetooth 5.4, Music & App Support, 50H Playtime, Fast Charging Case, 50ms Low Latency for Gaming, Touch Controls, IPX4 Waterproof, Clear Calls - White",₹699.00,3.8,(11.2K),https://www.amazon.in/sspa/click?ie=UTF8&spc=MTo2ODI3OTI2Njk2NjQ2MzU3OjE3ODA2NzY1NzQ6c3BfYnRmOjMwMDg1MjYwNzc1MzMzMjo6MDo6&url=%2FFire-Boltt-Wireless-Bluetooth-Playtime-Waterproof%2Fdp%2FB0FVS76HKH%2Fref%3Dsr_1_53_sspa%3Fdib%3DeyJ2IjoiMSJ9.0m2xLPe6s1aYIL-2B3sBOsJ9ZgTHS-LTv4mVLQocH68oN5-TmFA5Hl9sf-vhdUL7Qgy4A0AHKZXwUOQ8Exlx1DCTzyb8FoKwrA8-Zv-EhQu_TJB636XP7lJVj0llfBuPIqFBvq3r-74tMZZ0ZfNL25BsvfhruZ4V_kO_ZiVhTgLWSIpIiGrlKubwpj3T-k8PNeGqIV7doL3-dRM7P5OpMHceugOvqxffJGLuIFjV2nU.NIlZb4X6IKZnJV07qtOV-nqgB9_l4T-tNXDBKPF925Q%26dib_tag%3Dse%26keywords%3Dwireless%2Bearphones%26qid%3D1780676574%26aref%3DIohKyKKF1v%26sp_csd%3Dd2lkZ2V0TmFtZT1zcF9idGY%26psc%3D1&aref=IohKyKKF1v&sp_cr=ZAZ,3,wireless earphones,2026-06-05 21:52:57
B0C2F5KD26,"Skullcandy Smokin Buds Wireless in Ear Earbuds – ENC Clear Calls, Music/Movie/Podcast EQ Modes, 20Hr Battery + Rapid Charge, Touch Controls, Solo Bud Use, IPX4 Water Resistant (Black)",₹1999.00,3.6,(15.3K),https://www.amazon.in/sspa/click?ie=UTF8&spc=MTo2ODI3OTI2Njk2NjQ2MzU3OjE3ODA2NzY1NzQ6c3BfYnRmOjMwMTAxNDAwNTEyODczMjo6MDo6&url=%2FSkullcandy-Wireless-Renewable-Microphone-Bluetooth%2Fdp%2FB0C2F5KD26%2Fref%3Dsr_1_54_sspa%3Fdib%3DeyJ2IjoiMSJ9.0m2xLPe6s1aYIL-2B3sBOsJ9ZgTHS-LTv4mVLQocH68oN5-TmFA5Hl9sf-vhdUL7Qgy4A0AHKZXwUOQ8Exlx1DCTzyb8FoKwrA8-Zv-EhQu_TJB636XP7lJVj0llfBuPIqFBvq3r-74tMZZ0ZfNL25BsvfhruZ4V_kO_ZiVhTgLWSIpIiGrlKubwpj3T-k8PNeGqIV7doL3-dRM7P5OpMHceugOvqxffJGLuIFjV2nU.NIlZb4X6IKZnJV07qtOV-nqgB9_l4T-tNXDBKPF925Q%26dib_tag%3Dse%26keywords%3Dwireless%2Bearphones%26qid%3D1780676574%26aref%3DM5hwxZTi85%26sp_csd%3Dd2lkZ2V0TmFtZT1zcF9idGY%26psc%3D1&aref=M5hwxZTi85&sp_cr=ZAZ,3,wireless earphones,2026-06-05 21:52:57
